X,Y,droughtstart_speibase,urban_ih_log,droughtyr_speigdm,herb_gc,capdist,grass_ih_log,nlights_sd_log,water_gc_log,pop_gpw_sd_log,pasture_ih
5.75,4.25,0.6814102436395939,-1.5852084093335341,0.1562846172093023,0.1234568,569.7085,0.5415744192956803,2.3949573248891745,4.498691156137535,7.106244596969482,34.16777403035413
6.25,4.25,0.6814102436395939,-1.5852084093335341,0.1666667,0.7438272,553.0213,0.5415744192956803,1.4642902832485807,4.170457558684787,7.697129945764927,34.16777403035413
6.75,4.25,0.6814102436395939,-1.5852084093335341,0.08333334,0.1296296,541.4856,0.5415744192956803,1.915489232442802,4.313794099058337,7.085957529739525,34.16777403035413
7.25,4.25,0.6814102436395939,-1.5852084093335341,0.1666667,0.1697531,535.4345,0.5415744192956803,2.5978505884704646,4.471335433068773,8.64532463049957,34.16777403035413
7.75,4.25,0.6814102436395939,-1.5852084093335341,0.1562846172093023,0.03395062,535.054,0.5415744192956803,2.650259352023131,4.5868050749701155,7.9358943152256645,34.16777403035413
8.75,4.25,0.6814102436395939,-1.5852084093335341,0.08333334,0.03395062,310.127,0.5415744192956803,2.4421800649086736,4.481376032207316,5.996804514072064,34.16777403035413
9.25,4.25,-0.2939228,0.06765864847381486,0.0,0.1975309,255.24,-1.07880966137193,1.188124175664092,1.3835127460131666,7.020360488357816,8.68
9.75,4.25,-0.2520797,1.1314021114911006,0.08333334,0.1882716,200.702,-1.203972804325936,2.543478185071732,1.0494826168724853,8.279506905285697,7.73
10.25,4.25,0.08053564,-2.3025850929940455,0.08333334,0.0617284,146.9022,-1.1394342831883648,-0.32443637902124817,-0.6193920134917621,5.3257155839791075,8.69
10.75,4.25,-2.288253,-2.3025850929940455,0.08333334,0.00308642,95.10191,-1.897119984885881,-2.3025850929940455,0.17094036942033167,5.5084417348957375,5.65
11.25,4.25,-1.811575,-0.6931471805599453,0.08333334,0.00308642,51.70749,-1.9661128563728325,-0.10983071434707664,0.6813493591465895,7.222135269128533,4.37
11.75,4.25,-1.603915,-1.1086626245216111,0.08333334,0.04034761,49.68015,-1.7719568419318752,0.4444248897858915,-0.0773409773027338,6.922106801456054,3.64
12.25,4.25,-1.609849,-2.3025850929940455,0.0,0.0,91.8027,-1.5606477482646683,-0.35195993423062133,-2.3025850929940455,5.85969503004021,0.7
12.75,4.25,-1.523949,-2.3025850929940455,0.0,0.0,143.3615,-1.4271163556401456,-2.3025850929940455,-2.3025850929940455,5.611309665705369,0.95
13.25,4.25,-1.42715,-1.3093333199837622,0.0,0.00617284,197.0849,-1.5141277326297755,-2.3025850929940455,-2.3025850929940455,2.671019621188603,1.02
13.75,4.25,-1.364296,-2.3025850929940455,0.0,0.0,251.59,-0.7985076962177717,-1.1499241095430641,-2.1861747323584257,3.9486256791202763,1.82
14.25,4.25,-1.167645,-1.2378743560016172,0.08333334,0.0,306.4601,-1.7147984280919266,-0.272353622382205,-2.3025850929940455,-1.8849016009480095,0.94
14.75,4.25,-1.099736,-1.7719568419318752,0.08333334,0.00308642,361.5289,-0.5108256237659907,-0.2806294011084011,-2.3025850929940455,2.7052068292156437,4.1
15.25,4.25,-1.016796,-1.9661128563728325,0.08333334,0.0,370.2475,-0.544727175441672,-1.021670969948689,-1.8607523121435783,4.724392185838729,5.77
5.25,4.75,0.6814102436395939,-1.5852084093335341,0.1562846172093023,0.02469136,541.575,0.5415744192956803,1.467260334759898,4.578851569669863,6.110098109852524,34.16777403035413
5.75,4.75,0.1164012,-2.3025850929940455,0.08333334,0.287037,518.1522,4.1940390562533,2.6620034702757875,2.7073092600064723,6.95258140625237,3.4
6.25,4.75,-0.03974034,0.3987761199573677,0.1666667,2.070988,499.7636,0.2070141693843261,2.5945776121082345,1.1969110285776712,6.833711350931393,16.53
6.75,4.75,-0.2550567,-0.040821994520255166,0.1666667,0.3641975,486.9798,-0.5108256237659907,2.6884411950602254,2.097563345418496,9.772791564920341,15.17
7.25,4.75,-0.439084,1.47932922708708,0.08333334,0.9135802,480.2485,-0.4942963218147801,2.8109376612776384,2.134385470634859,9.435798841797798,20.12
7.75,4.75,-0.5062494,-0.31471074483970024,0.08333334,0.00617284,479.8247,-0.37106368139083207,2.3220298131118366,1.5043518035677308,8.702696846627227,9.87
8.25,4.75,-0.4186058,-2.3025850929940455,0.08333334,0.8395061,485.7248,1.1052568313867783,2.4186582231504494,3.366486537080052,9.027875484910936,1.12
8.75,4.75,-0.4672051,-2.3025850929940455,0.08333334,1.861111,322.2761,4.040767961318708,-0.23235850387428678,2.4855239592133245,7.058595628564296,1.24
9.25,4.75,-0.4905226,-0.4462871026284195,0.08333334,0.537037,269.9087,1.1249295969854831,0.3897807490921127,-1.276499412111026,6.2321980835517,7.01
9.75,4.75,-0.2464949,-1.7147984280919266,0.08333334,0.07098766,219.0907,-0.35667494393873245,0.2810357847315899,-2.242686946761814,6.52881617494534,10.42
10.25,4.75,0.03436574,-2.3025850929940455,0.08333334,0.04012346,171.207,1.8245492920510458,-2.3025850929940455,-2.3025850929940455,6.757963020755096,7.66
10.75,4.75,-2.348114,-2.3025850929940455,0.08333334,0.04938272,129.5535,-1.7147984280919266,-1.3928353065382781,-2.3025850929940455,6.739352958584766,4.26
11.25,4.75,-1.940455,-2.3025850929940455,0.08333334,0.0,102.0664,-2.2072749131897207,0.05197689068235305,0.12024932519589267,5.731115825069501,4.01
11.75,4.75,-2.036866,-2.3025850929940455,0.08333334,0.0,101.0551,-1.7147984280919266,-2.3025850929940455,-1.0196876211532242,3.320663886905672,3.43
12.25,4.75,-1.889886,-1.9661128563728325,0.0,0.0,127.153,-1.4696759700589417,-0.3432583502939095,0.1838637004123264,2.839697570068206,0.09
12.75,4.75,-1.769069,-2.3025850929940455,0.0,0.0,168.1808,-1.6607312068216509,-2.3025850929940455,-0.11986858390105919,2.227347945099748,0.01
13.25,4.75,-1.577803,-2.2072749131897207,0.0,0.0,215.7842,-1.4696759700589417,0.5386086755382173,-0.34964499773026486,2.8897543451138907,0.37
13.75,4.75,-1.214375,-2.0402208285265546,0.0,0.0,266.462,-0.544727175441672,0.8332573231759285,-2.3025850929940455,2.609953609522409,2.49
14.25,4.75,-1.312692,-1.9661128563728325,0.08333334,0.0,318.7512,0.26236426446749106,-2.3025850929940455,-2.3025850929940455,3.754444323376034,10.32
14.75,4.75,-1.222221,-1.83258146374831,0.08333334,0.0,427.4891,-0.06187540371808753,-2.3025850929940455,-2.3025850929940455,3.9004072024458982,10.52
15.25,4.75,-1.205161,-2.120263536200091,0.08333334,0.0,372.3186,0.1484200051182734,-2.3025850929940455,-2.3025850929940455,4.588675595101112,13.23
5.25,5.25,0.6814102436395939,-1.5852084093335341,0.3333333,0.4783951,493.2596,0.5415744192956803,2.4983220923136518,4.28810585171059,7.1426732390816285,34.16777403035413
5.75,5.25,-0.01460614,-0.6733445532637655,0.0,1.734568,467.4475,-2.2072749131897207,2.395187975009009,1.282647099226562,7.934299974046219,18.54
6.25,5.25,-0.2458913,-0.916290731874155,0.08333334,1.021605,446.998,-0.06187540371808753,2.321082947876165,1.3811888501507286,7.810906869145721,17.2
6.75,5.25,-0.4357835,-2.3025850929940455,0.1666667,0.1512346,432.6719,-0.579818495252942,2.9676897312091977,-0.21469174367642407,8.482575866394543,5.4
7.25,5.25,-0.5847605,0.9631743177730054,0.0,0.01234568,425.089,1.1662709371419244,2.2117760777321887,-2.3025850929940455,10.26249118297856,5.89
7.75,5.25,-0.582479,0.6678293725756556,0.08333334,0.0,424.6105,-0.2876820724517809,2.1387726213488945,-0.857847074868711,8.699014122918259,14.48
8.25,5.25,-0.5342343,-1.203972804325936,0.08333334,0.1296296,431.2603,0.0,1.5908170146205096,0.7121023900755509,8.343481978985514,16.48
8.75,5.25,-0.7348758,-2.3025850929940455,0.08333334,0.1481481,444.7185,1.2864740258376797,0.4537834149386839,-2.3025850929940455,5.242691013797041,18.77
9.25,5.25,-0.6856013,-1.9661128563728325,0.08333334,0.009259259,294.3894,-0.8915981192837834,-2.3025850929940455,-2.3025850929940455,5.955600812990145,5.48
9.75,5.25,-0.3358119,-1.6607312068216509,0.08333334,0.009259259,248.6615,-1.203972804325936,-2.3025850929940455,-2.1326860436986483,7.853112264631288,7.26
10.25,5.25,0.006980957,0.5877866649021191,0.0,0.02777778,207.7421,-2.120263536200091,1.057264114072729,-2.3025850929940455,8.383511844692018,10.69
10.75,5.25,0.2745633,-1.83258146374831,0.08333334,0.0,175.0367,-1.9661128563728325,-0.2611379067516064,-2.3025850929940455,7.22809160055108,7.42
11.25,5.25,-2.302156,-2.3025850929940455,0.08333334,0.0,155.8067,-1.5141277326297755,-2.3025850929940455,-0.5474980798193864,6.041448522211014,3.47
11.75,5.25,-2.224735,-2.3025850929940455,0.08333334,0.0,155.1466,-1.6094379124341003,-2.3025850929940455,-2.3025850929940455,-1.7897489516736336,3.52
12.25,5.25,-2.071488,-2.3025850929940455,0.08333334,0.0,173.2687,-1.6094379124341003,-2.3025850929940455,-2.3025850929940455,3.2584710832552735,0.02
12.75,5.25,-1.85207,-2.3025850929940455,0.0,0.0,205.257,-2.2072749131897207,-2.3025850929940455,-2.3025850929940455,3.6412772340594044,0.0
13.25,5.25,0.5085984,-2.2072749131897207,0.08333334,0.0,245.7553,-2.3025850929940455,-2.3025850929940455,0.034580347908049244,-0.008730802779911317,0.0
13.75,5.25,-1.574604,-2.3025850929940455,0.0,0.0,291.2348,-1.3470736479666092,-2.3025850929940455,-2.3025850929940455,-1.9549508129809268,0.39
14.25,5.25,-1.442353,-1.7719568419318752,0.0,0.0,339.7007,0.2311117209633866,-2.3025850929940455,-2.3025850929940455,2.9016699148969356,10.0
14.75,5.25,-1.454735,-2.0402208285265546,0.0,0.0,436.3028,-0.12783337150988489,-2.3025850929940455,-2.3025850929940455,3.618557843100626,9.72
15.25,5.25,0.6994371,-2.3025850929940455,0.0,0.0,382.448,-0.31471074483970024,-2.3025850929940455,-2.3025850929940455,2.7403386079146204,7.83
4.75,5.75,0.6814102436395939,-1.5852084093335341,0.1562846172093023,0.4481277,479.8762,0.5415744192956803,2.716413795206334,4.572492850171533,6.587492575158641,34.16777403035413
5.25,5.75,0.03726301,-2.3025850929940455,0.3333333,1.135803,446.5613,0.5364933705145686,2.9210238134511552,3.1566590863062585,7.130609988585595,8.84
5.75,5.75,-0.215531,0.4700036292457356,0.1666667,2.882716,417.9047,-0.6733445532637655,2.5699606262073473,0.9614292846375609,8.359765280662613,21.47
6.25,5.75,-0.4270015,-0.2876820724517809,0.0,1.111111,394.9219,-0.21072103131565267,2.332394349306244,-1.9012436756234627,7.952502548158035,21.64
6.75,5.75,-0.6744905,-0.09431067947124129,0.08333334,0.1759259,378.6475,-0.342490308946776,2.8606282163691468,1.199704508095986,9.444514066975389,15.31
7.25,5.75,-0.7885766,0.6471032420585385,0.1666667,0.0,369.9677,1.3987168811184476,1.8140438184249614,-2.3025850929940455,9.364884688604024,3.99
7.75,5.75,-0.7766717,-1.171182981502945,0.08333334,0.0,369.4185,0.3784364357202452,1.1858906022492195,-0.08566541048181182,8.162170881125927,20.72
8.25,5.75,-0.900717,-0.7133498878774648,0.08333334,0.009259259,377.0352,-0.3856624808119848,0.2944583117960815,-0.2819372721282771,7.745837519978166,19.85
8.75,5.75,-0.9448071,-2.0402208285265546,0.08333334,0.00308642,392.3427,1.169381359556317,0.3830647496281079,-0.41757513943639224,6.539669189147882,16.73
9.25,5.75,-0.6063448,-1.5141277326297755,0.08333334,0.00308642,326.4827,-0.6733445532637655,-0.8386223021074816,-1.6797544274078517,3.749803325268468,6.72
9.75,5.75,-0.3306341,-1.2378743560016172,0.08333334,0.03395062,285.9669,-0.579818495252942,-2.3025850929940455,-2.3025850929940455,7.418207232942261,7.58
10.25,5.75,0.03235581,0.7178397931503167,0.0,0.0,251.2277,-1.7147984280919266,1.1529432646257438,-0.5421761218029335,7.757031466902617,6.69
10.75,5.75,0.322067,-1.3093333199837622,0.0,0.0,224.9574,-1.9661128563728325,0.08072081616753196,1.8308021216576715,7.454698537097722,6.18
11.25,5.75,0.6154692,-2.3025850929940455,0.08333334,0.0,210.3533,-1.5141277326297755,-2.3025850929940455,-1.0237108670929362,6.454088670907765,3.4
11.75,5.75,-2.283332,-2.3025850929940455,0.08333334,0.0,209.8652,-1.2729656758128873,-2.3025850929940455,-2.3025850929940455,-1.7523871714104633,4.12
12.25,5.75,-2.145365,-2.3025850929940455,0.0,0.0,223.5855,-1.0216512475319814,-2.3025850929940455,-2.3025850929940455,-1.7523871714104633,0.84
12.75,5.75,-2.026969,-2.3025850929940455,0.0,0.0,249.1782,-1.4271163556401456,-2.3025850929940455,-1.1518567484994233,3.6365669563044607,0.32
13.25,5.75,0.773674,-2.120263536200091,0.0,0.0,283.4453,-1.4271163556401456,-2.3025850929940455,-1.0237108670929362,2.374983891055821,0.24
13.75,5.75,0.7781168,-2.0402208285265546,0.08333334,0.0,323.6432,-0.579818495252942,-2.3025850929940455,-2.3025850929940455,1.6303456151839304,2.28
14.25,5.75,-1.454919,-1.7147984280919266,0.0,0.0,367.8326,-0.040821994520255166,-1.234256769434528,-2.3025850929940455,-0.5677129567046282,7.16
14.75,5.75,0.7716253,-1.5606477482646683,0.0,0.0,451.7508,-0.0725706928348355,-0.37400772097056506,-2.3025850929940455,0.8456918571684224,10.33
15.25,5.75,0.7667214,-1.9661128563728325,0.0,0.0,400.0242,0.26236426446749106,-2.3025850929940455,-2.3025850929940455,5.112169097220303,15.06
3.25,6.25,0.6814102436395939,-1.5852084093335341,0.25,1.240741,566.9875,0.5415744192956803,2.8928980086803344,4.438991745109709,10.352567551396438,34.16777403035413
3.75,6.25,0.6814102436395939,-1.5852084093335341,0.4166667,0.5864198,521.9086,0.5415744192956803,2.1674897351561095,4.469110113230797,8.86108909005882,34.16777403035413
4.25,6.25,0.6814102436395939,-1.5852084093335341,0.5,2.070988,478.9439,0.5415744192956803,-2.3025850929940455,4.393663908175486,6.845431689737536,34.16777403035413
4.75,6.25,0.0363795,-1.4271163556401456,0.3333333,1.35666,438.7151,-0.6733445532637655,1.0154940508409438,3.2698069336744715,7.720545985634533,15.0
5.25,6.25,-0.2767299,-2.3025850929940455,0.1666667,0.08333334,402.0443,0.5306282510621705,1.7693072949803121,-1.1917027239292435,8.12754306461926,17.33
5.75,6.25,-0.4566794,0.8796267475025636,0.08333334,0.9598765,369.9911,0.7030975114131134,2.6202523330914023,-2.3025850929940455,9.177665309234667,22.4
6.25,6.25,-0.7338378,-1.3093333199837622,0.0,0.09567901,343.8492,0.17395330712343815,1.334413262430288,-2.3025850929940455,8.09707596334776,20.21
6.75,6.25,-0.2910388,0.8754687373538999,0.08333334,0.1604938,325.0481,-0.8439700702945288,2.4727834599856897,1.2398045120513839,9.969116572613537,12.61
7.25,6.25,-0.11599,-0.2744368457017603,0.0,0.0,314.9055,0.8501509293696101,2.180661610003521,-2.1861747323584257,9.191537093164923,16.77
7.75,6.25,-0.117587,-0.4155154439616658,0.08333334,0.0,314.2607,0.5709795465857378,2.014809282815688,-2.2140316980254817,8.430457703638407,26.19
8.25,6.25,-1.054046,-1.203972804325936,0.08333334,0.0,323.1707,1.0543120297715298,1.3366948945536008,-0.09920660100369463,7.684515861615029,31.13
8.75,6.25,-0.8989797,-0.9942522733438669,0.0,0.0,340.8869,-0.0725706928348355,-2.3025850929940455,-1.1715814479769413,6.947773750764445,22.39
9.25,6.25,-0.6015837,-2.120263536200091,0.08333334,0.0,366.1334,1.3110318766193436,0.5116342967018753,-2.3025850929940455,6.842740804596787,19.43
9.75,6.25,-0.2881171,-1.5141277326297755,0.08333334,0.0,328.3818,-0.2484613592984996,-2.3025850929940455,-1.8807931296551335,7.293652172317359,8.33
10.25,6.25,0.004146799,-0.579818495252942,0.08333334,0.0,298.6434,-0.867500567704723,-0.08729250741217498,-1.2988715687731662,7.567677058535353,6.76
10.75,6.25,0.3829072,-0.3011050927839216,0.0,0.0,276.9268,-0.6931471805599453,-0.10851470711591227,-2.3025850929940455,6.742813534484057,4.64
11.25,6.25,0.6919147,-1.9661128563728325,0.08333334,0.0,265.2097,-1.07880966137193,-2.3025850929940455,1.7216636683094149,6.468122549322082,1.84
11.75,6.25,0.8829333,-1.9661128563728325,0.0,0.0,264.8231,-0.9942522733438669,-2.3025850929940455,-1.9859952797097746,4.192316499435313,1.89
12.25,6.25,0.9457785,-2.3025850929940455,0.0,0.0,275.8144,-0.6161861394238168,-2.3025850929940455,-2.2721876134144647,4.19958872111074,1.97
12.75,6.25,0.9175497,-2.120263536200091,0.08333334,0.0,296.9228,-0.9675840262617056,-0.7725105690230335,1.9730517464955302,3.5980593786864756,0.74
13.25,6.25,0.9879277,-1.897119984885881,0.1666667,0.0,326.1901,-0.8209805520698301,-0.46318183071462793,-0.8291506548333988,4.155409244060665,1.22
13.75,6.25,1.023251,-2.0402208285265546,0.1666667,0.0,361.6408,-0.4004775665971254,-2.3025850929940455,-2.3025850929940455,1.6778273218744522,2.88
14.25,6.25,0.8899483,-2.0402208285265546,0.0,0.0,401.6408,-1.203972804325936,-0.42043068581366105,-2.3025850929940455,3.3320141349121264,9.12
14.75,6.25,0.8948935,-2.0402208285265546,0.0,0.0,473.1841,-2.3025850929940455,-2.3025850929940455,-2.3025850929940455,4.196382965771132,13.77
15.25,6.25,0.8727526,-1.897119984885881,0.0,0.0,424.1229,-2.3025850929940455,-2.3025850929940455,-2.3025850929940455,4.766799970313428,20.4
3.25,6.75,-0.8428946,2.105352923464337,0.25,1.453704,538.1725,-2.3025850929940455,3.0494412727756726,1.0408002494969517,11.522040793840905,16.08
3.75,6.75,-0.8019021,-0.030459207484708574,0.25,2.83642,490.5083,-2.3025850929940455,2.2984729497101477,2.004312201953944,9.546793322697138,16.84
4.25,6.75,-0.8250055,-1.9661128563728325,0.3333333,0.2623457,444.573,-0.6733445532637655,0.6150564415554022,1.445756189506944,7.593038620450283,15.63
4.75,6.75,-0.7318313,-0.7339691750802004,0.3333333,0.1718846,400.9614,-0.2876820724517809,0.9948804460021032,-2.3025850929940455,7.491343699129895,24.48
5.25,6.75,-0.3215921,-2.3025850929940455,0.1666667,0.00617284,360.518,1.2837077723447894,0.3073618980904987,-2.3025850929940455,6.839439071363686,19.6
5.75,6.75,-0.6641029,-2.3025850929940455,0.1666667,0.0,324.4297,1.2892326482767593,0.4629991550928525,-2.3025850929940455,6.233241611197693,23.57
6.25,6.75,-0.9134638,-0.9675840262617056,0.08333334,0.00308642,294.3032,-0.9675840262617056,1.3708484346055272,-2.3025850929940455,7.954748255212305,29.25
6.75,6.75,-0.1825857,-2.3025850929940455,0.08333334,0.2469136,272.1258,-0.8439700702945288,-0.7136846377775121,1.1818787176408696,7.434596958256814,41.2
7.25,6.75,-0.04595707,0.11332868530700327,0.08333334,0.0,259.9401,-0.544727175441672,1.1636862914098125,-2.3025850929940455,8.72797748073106,29.93
7.75,6.75,-0.05476354,-0.6539264674066639,0.08333334,0.0,259.1595,0.19062035960864987,0.6901712568883535,-2.0335951346864927,8.757288565243337,46.37
8.25,6.75,-1.019229,-0.7985076962177717,0.08333334,0.0,269.8829,0.48858001481867097,0.05618674191965115,-2.3025850929940455,7.700119995677388,45.27
8.75,6.75,-0.8160781,-0.867500567704723,0.08333334,0.0,290.8406,0.4510756193602167,0.5135479149665866,-2.3025850929940455,6.789313013581566,42.87
9.25,6.75,-0.5233387,-0.0725706928348355,0.08333334,0.0,320.0283,0.4252677354043441,0.9712360096452322,-2.1590728006766557,7.534909547957939,46.82
9.75,6.75,-0.2934835,-2.3025850929940455,0.08333334,0.0,355.424,1.80005827204275,0.9965655356882215,-1.0410424927906892,5.563934028539702,30.36
10.25,6.75,0.02651322,-1.9661128563728325,0.08333334,0.0,348.3889,-0.16251892949777494,-0.9077079198071292,-2.3025850929940455,5.620953611475787,4.91
10.75,6.75,0.4300156,-1.4696759700589417,0.08333334,0.0,329.9788,0.2468600779315258,-0.45127671757910814,-2.3025850929940455,5.955585006017637,8.61
11.25,6.75,0.7698068,-1.5606477482646683,0.0,0.0,484.2728,1.9125010869241834,1.7859000027008554,-1.9652313878375383,5.704620456784417,27.59
11.75,6.75,0.9103572,-1.3862943611198906,0.0,0.0,319.8976,0.3784364357202452,0.32529283648602647,-2.3025850929940455,4.910027171611433,9.8
12.25,6.75,1.05223,-2.2072749131897207,0.0,0.0,329.0466,-0.4942963218147801,-2.3025850929940455,-2.1590728006766557,4.4097588911551195,2.41
12.75,6.75,1.067051,-2.120263536200091,0.0,0.0,346.9163,-0.37106368139083207,-2.3025850929940455,-0.8081563170344348,4.370837519343962,3.2
13.25,6.75,1.131915,-2.0402208285265546,0.1666667,0.0,372.2528,-0.3856624808119848,-2.3025850929940455,-0.7411968989270422,4.735165458904165,3.23
13.75,6.75,1.111005,-2.0402208285265546,0.1666667,0.0,403.6526,-0.3011050927839216,-2.3025850929940455,-2.3025850929940455,3.977680025812155,3.53
14.25,6.75,0.9725911,-1.6094379124341003,0.08333334,0.0,439.8188,-1.3093333199837622,0.09474574781528262,-2.3025850929940455,3.9180675006046224,10.64
14.75,6.75,0.9262289,-1.9661128563728325,0.0,0.0,479.6746,-1.4271163556401456,-2.3025850929940455,-2.3025850929940455,4.19237120062479,11.42
15.25,6.75,1.031464,-1.83258146374831,0.0,0.0,453.7063,-2.3025850929940455,-2.3025850929940455,-2.3025850929940455,4.281161140143306,11.38
3.25,7.25,-0.4916088,0.08617769624105241,0.25,0.1450617,513.7001,-1.83258146374831,2.05291505481949,-0.033263238199701964,8.613484526094297,42.15
3.75,7.25,-0.5138113,1.4445632692438661,0.1666667,0.4506173,463.588,-1.5141277326297755,2.6561279370248636,-1.9012436756234627,10.32728394460764,24.39
4.25,7.25,-0.6085548,0.01980262729617973,0.1666667,0.06790123,414.7419,-0.37106368139083207,1.1395309185190208,-1.457936452980033,8.69340897921578,21.28
4.75,7.25,-0.4919321,0.5766133643039938,0.1666667,0.475752,367.6668,0.029558802241544425,1.6273330353254574,-2.2723530417073525,8.260768413226506,27.36
5.25,7.25,-0.3393417,0.5766133643039938,0.1666667,0.1419753,323.1378,0.11332868530700327,1.9551375878504547,-2.2721876134144647,8.24276081938868,23.46
5.75,7.25,-0.6244487,-0.11653381625595152,0.1666667,0.0,282.3622,1.1184149159642893,0.8159319090921345,-2.3025850929940455,7.716627378728994,33.44
6.25,7.25,-0.7925707,-1.171182981502945,0.0,0.0,247.2042,-0.6931471805599453,1.2781304752446538,-2.242686946761814,8.60079803943559,42.73
6.75,7.25,-0.001397124,-1.07880966137193,0.08333334,0.3858025,220.3694,-0.31471074483970024,0.7260774773869689,1.1432787238473041,6.412075213350069,39.41
7.25,7.25,-1.007667,-1.4271163556401456,0.08333334,0.0,205.1504,0.928219302739429,0.7084948009939241,-2.3025850929940455,8.073735831287337,45.53
7.75,7.25,-1.092962,-0.4942963218147801,0.08333334,0.0,204.1615,-0.7550225842780328,0.41577511024545816,-2.3025850929940455,7.413298575792128,43.23
8.25,7.25,-0.8036102,-0.867500567704723,0.08333334,0.0,217.597,0.3715635564324832,0.9655348882116409,-2.242686946761814,6.512534023001992,44.37
8.75,7.25,-0.6108413,-1.897119984885881,0.08333334,0.0,243.0765,0.4510756193602167,1.242117650480274,-2.3025850929940455,6.889977486323979,43.32
9.25,7.25,-0.4368659,-1.7719568419318752,0.08333334,0.0,277.2998,1.1410330045520618,1.1512328851337361,0.4306597085027109,6.905806481308878,38.63
9.75,7.25,-0.2258136,-1.2378743560016172,0.08333334,0.0,317.4514,2.2731562823032334,0.6951207318258809,-1.8411053767942454,6.209436146908673,46.76
10.25,7.25,0.1102839,-1.0498221244986778,0.08333334,0.0,361.5615,2.1258479144939915,0.982497860112272,-2.3025850929940455,5.869536997305613,37.44
10.75,7.25,0.4712296,-1.5606477482646683,0.08333334,0.0,408.3494,1.2809338454620642,-0.6861449534735868,-2.3025850929940455,5.226959915931754,15.81
11.25,7.25,0.7790809,-2.3025850929940455,0.0,0.0,456.9932,1.3762440252663892,-0.0998338160360593,-2.3025850929940455,5.693125894467673,15.75
11.75,7.25,1.067557,-2.2072749131897207,0.0,0.0,506.9589,0.5423242908253618,-2.3025850929940455,-2.3025850929940455,5.088991041190053,7.97
12.25,7.25,1.178721,-2.0402208285265546,0.0,0.0,382.8645,0.029558802241544425,-0.6778474210716113,-2.3025850929940455,4.2900372972636776,5.65
12.75,7.25,1.240682,-2.0402208285265546,0.0,0.0,398.3133,-0.020202707317519466,-2.3025850929940455,-2.3025850929940455,4.315088169305947,5.4
13.25,7.25,1.203467,-1.7719568419318752,0.1666667,0.0,420.5452,-0.35667494393873245,-2.3025850929940455,-2.0335951346864927,3.8844612457689736,3.57
13.75,7.25,1.180031,-1.2729656758128873,0.0,0.0,448.5526,-0.1743533871447778,1.1756202422840774,-1.8218368939309821,-1.4832317841666574,5.52
14.25,7.25,1.217077,-1.6607312068216509,0.0,0.0,481.3283,-1.0216512475319814,-2.3025850929940455,-2.2721876134144647,4.69134696479753,13.74
14.75,7.25,1.149691,-2.2072749131897207,0.0,0.0,517.968,-1.1394342831883648,-2.3025850929940455,-2.3025850929940455,4.329819765208935,8.3
15.25,7.25,1.039992,-2.0402208285265546,0.0,0.0,557.7107,-1.6094379124341003,0.7110229526624108,-2.3025850929940455,4.709171578456285,9.12
3.25,7.75,-0.251694,-2.3025850929940455,0.1666667,0.0,494.2161,0.4574248470388754,0.10806485563190414,-2.1326860436986483,5.532009485577638,49.77
3.75,7.75,-0.3266303,-0.7550225842780328,0.1666667,0.0,441.9677,-2.3025850929940455,1.4629796698008748,-2.0335951346864927,7.766612217926531,40.23
4.25,7.75,-0.4534454,-0.08338160893905114,0.1666667,0.0,390.493,0.04879016416943205,1.455081811509373,-1.922121330129274,9.090314172307538,27.92
4.75,7.75,-0.4035274,0.6729444732424259,0.0,0.07980356,340.1439,-0.12783337150988489,2.0070279601582857,-0.6951135125241403,9.361861597817338,27.57
5.25,7.75,-1.223363,0.3148107398400336,0.0,0.0,291.504,0.01980262729617973,1.4163443048676196,-1.3937295336372781,8.485878360258011,28.63
5.75,7.75,-0.1164842,-0.16251892949777494,0.0,0.0,245.5912,0.13976194237515882,0.6742635009020185,-1.512445511993018,7.996793212775918,38.24
6.25,7.75,0.02905543,0.6575200029167942,0.0,0.0,204.253,-0.7339691750802004,1.7947910360489547,-1.4985371722017646,8.649671805063395,46.47
6.75,7.75,0.1386733,-0.544727175441672,0.08333334,0.4197531,170.843,-0.8439700702945288,1.6359563693509065,1.3187885084721989,7.907570649566098,41.66
7.25,7.75,0.09226105,-1.9661128563728325,0.08333334,0.03395062,150.729,-0.7550225842780328,0.1141283654775676,0.30693969832048246,6.272022868289015,35.61
7.75,7.75,-0.9638221,-2.0402208285265546,0.1666667,0.00617284,149.382,0.25464221837358075,-1.0172929808108306,0.25090267685625506,5.803156808828034,33.26
8.25,7.75,-0.7133443,-1.5606477482646683,0.1666667,0.04012346,167.2561,0.35065687161316944,0.7783317232367641,1.0320414816135346,7.782915635458208,27.2
8.75,7.75,-0.4848055,-0.5978370007556203,0.1666667,0.03703704,199.2436,0.41210965082683293,1.8413478861375474,1.081386438628039,8.02832506109628,29.92
9.25,7.75,-0.3697374,-1.5606477482646683,0.08333334,0.02160494,239.7609,0.688134638736401,0.04669769075882406,0.6350078740373192,6.818907780989927,40.39
9.75,7.75,-0.1087163,-0.5978370007556203,0.08333334,0.0,285.1952,0.5247285289349821,0.7565885375329763,-2.3025850929940455,7.419368592439133,52.93
10.25,7.75,0.1940003,-1.4696759700589417,0.0,0.00308642,333.5432,2.3025850929940455,-0.04717662162962664,-0.17714979344682996,5.039011520347715,46.47
10.75,7.75,0.5236853,-1.5606477482646683,0.0,0.0154321,383.7051,1.7595805708638197,0.11458236340981895,-2.3025850929940455,5.227730725685127,30.52
11.25,7.75,0.8278131,-2.0402208285265546,0.0,0.0,435.0537,1.967112356705916,0.23110219710851113,-2.3025850929940455,5.053798864985509,30.31
11.75,7.75,1.113817,-2.3025850929940455,0.0,0.0,487.214,2.017566137961748,-0.34594076196130025,-2.3025850929940455,5.84866692672126,32.15
12.25,7.75,1.331804,-2.2072749131897207,0.1666667,0.0,437.0522,0.8153648132841946,-2.3025850929940455,-2.3025850929940455,5.553305649065521,7.32
12.75,7.75,1.342871,-2.3025850929940455,0.08333334,0.0,450.6344,-0.4942963218147801,-2.3025850929940455,-2.3025850929940455,2.8418856308360994,3.0
13.25,7.75,1.286544,-2.3025850929940455,0.1666667,0.0,470.3814,0.26236426446749106,-2.3025850929940455,-2.3025850929940455,4.598346859955305,7.52
13.75,7.75,1.221882,-1.897119984885881,0.1666667,0.0,495.5567,-0.5108256237659907,-2.3025850929940455,-2.3025850929940455,4.670090509229962,2.74
14.25,7.75,1.224276,-2.3025850929940455,0.0,0.0,525.3807,-1.203972804325936,-2.3025850929940455,-2.3025850929940455,3.8203045675890985,8.38
14.75,7.75,1.215776,-2.3025850929940455,0.08333334,0.0,559.1097,-1.171182981502945,-0.9292619961553201,-2.3025850929940455,-1.9189557936955026,9.38
15.25,7.75,1.07254,-2.3025850929940455,0.0,0.0,596.0814,-1.1394342831883648,-0.21136716594160412,-2.3025850929940455,4.446849959001174,13.32
3.25,8.25,-1.471404,-2.3025850929940455,0.0,0.0,480.3283,2.089391872533004,-0.11982664740913533,-2.1326860436986483,5.854863017861945,47.05
3.75,8.25,-1.213983,-2.3025850929940455,0.1666667,0.0,426.4545,2.157559320943788,-0.7831771452684129,0.30693969832048246,6.963621302489802,45.81
4.25,8.25,-0.8819761,-0.4004775665971254,0.1666667,0.0,372.9174,1.47932922708708,1.3422450289267254,-2.0574626175697563,8.370067875825663,51.51
4.75,8.25,-0.2954925,0.5653138090500605,0.0,0.01534684,319.8863,-2.3025850929940455,2.1925226516997496,-1.0896288607585336,9.001368673882101,47.71
5.25,8.25,-0.2463988,-1.0216512475319814,0.0,0.0,267.6622,1.007957920399979,0.7286113274142996,-2.3025850929940455,7.857785576079543,44.26
5.75,8.25,-0.6586763,-1.7719568419318752,0.1666667,0.0,216.8292,1.5085119938441396,0.4255598495975836,-0.046108547918393146,6.21310316658012,47.23
6.25,8.25,-0.8876269,-2.3025850929940455,0.08333334,0.09259259,168.65,1.9544450515051506,-0.4995522411392017,-0.9024973001527841,5.513433584862953,44.34
6.75,8.25,-0.9849813,-1.6094379124341003,0.08333334,0.25,126.2015,1.8656293177945105,0.1760058211234346,0.3749632880317035,6.069320326735107,42.36
7.25,8.25,-1.05433,-1.5141277326297755,0.1666667,0.02777778,97.29829,2.2364452904895007,-2.3025850929940455,0.5059991952755519,5.118404506513501,44.14
7.75,8.25,-1.05314,-2.120263536200091,0.3333333,0.02777778,95.20094,1.9782390361706732,-0.8856303521259432,0.47960241316500574,5.566029230162636,45.19
8.25,8.25,-0.8334823,-2.120263536200091,0.3333333,0.0,121.3079,2.2772672850097555,0.2635481787489389,-1.1229810087173338,6.073460806893866,48.38
8.75,8.25,-0.5253263,-0.4155154439616658,0.1666667,0.0154321,162.555,1.9021075263969203,0.945789726502017,-2.3025850929940455,6.832216745601933,47.21
9.25,8.25,-0.3389906,-1.6607312068216509,0.0,0.0308642,210.2112,0.0769610411361284,-2.3025850929940455,-0.24183566545843793,5.689114084578381,46.03
9.75,8.25,-0.03531642,-1.3470736479666092,0.0,0.09876543,260.7862,0.6931471805599453,-0.7493374984501503,0.8411947025218769,6.1448808859443105,36.43
10.25,8.25,0.2317951,-2.120263536200091,0.0,0.04938272,312.8676,1.8991179875485542,-0.1775884954214336,0.034580347908049244,4.465670504219613,55.22
10.75,8.25,0.5646312,-2.120263536200091,0.0,0.06481481,365.8126,2.336986519711378,-0.5312424696557962,-1.2226650882814962,-0.9670941462725036,51.38
11.25,8.25,0.8347305,-1.5606477482646683,0.1666667,0.0,419.294,2.2321626286974996,-0.4701445991815301,-2.3025850929940455,4.280358045460848,43.27
11.75,8.25,1.02269,-2.3025850929940455,0.0,0.0,473.1299,1.8870696490323797,-0.938373010602299,-2.3025850929940455,3.906677141727378,30.41
12.25,8.25,1.144899,-1.3093333199837622,0.1666667,0.00617284,527.2117,1.2029723039923523,0.02100298500988778,-2.3025850929940455,6.113717798666899,27.22
12.75,8.25,1.297576,-2.3025850929940455,0.25,0.01234568,503.592,-0.8915981192837834,-2.3025850929940455,-2.3025850929940455,-1.8910546827423302,3.41
13.25,8.25,1.162838,-2.2072749131897207,0.25,0.0,521.3193,-0.9942522733438669,-0.0906354633373411,-2.3025850929940455,4.790907568866548,3.12
13.75,8.25,1.234059,-2.3025850929940455,0.25,0.0,544.1205,-0.8209805520698301,-2.3025850929940455,-2.3025850929940455,4.380557556106194,4.12
14.25,8.25,1.182792,-2.120263536200091,0.08333334,0.0,571.3884,-0.9416085398584448,-0.3115161270419053,-2.3025850929940455,-1.8986367345693482,4.71
14.75,8.25,1.060403,-2.3025850929940455,0.08333334,0.0,602.517,-0.9416085398584448,-2.3025850929940455,-2.3025850929940455,-1.8986367345693482,4.88
15.25,8.25,1.010322,-2.3025850929940455,0.08333334,0.0,636.9402,-0.3856624808119848,-2.3025850929940455,-2.3025850929940455,6.133429278951317,24.0
3.25,8.75,-0.1211652,-2.3025850929940455,0.0,0.0,472.5309,2.3085671646715933,0.4664316322536498,-2.1861747323584257,5.953022530691685,48.26
3.75,8.75,-0.8434556,-2.3025850929940455,0.0,0.0,417.73,1.83258146374831,-0.22464680563503,-2.0335951346864927,6.880938810104857,46.12
4.25,8.75,-1.470666,-2.3025850929940455,0.1666667,0.0,362.9862,1.5706970841176697,0.2893708955868624,-2.242686946761814,7.067665909824519,50.29
4.75,8.75,-0.08485454,-0.4155154439616658,0.1666667,0.02762431,308.3302,-1.6607312068216509,1.1691850670002681,-2.243008219874628,9.018337259805694,51.17
5.25,8.75,-1.112958,-1.6607312068216509,0.1666667,0.1697531,253.8188,1.0438040521731147,-0.14678523807835084,-0.46066465354888575,4.52423872515711,47.28
5.75,8.75,-0.9851568,-1.9661128563728325,0.08333334,0.5771605,199.5707,-2.3025850929940455,-0.15948506573186033,0.7166346770456128,5.800686837620489,48.02
6.25,8.75,-1.234349,-1.6607312068216509,0.08333334,0.4753087,145.8799,0.38526240079064505,-0.2429842068334533,0.5244361785124538,6.677174640969231,45.68
6.75,8.75,-1.288935,-2.3025850929940455,0.25,0.0,93.70988,2.2915241456346207,-1.2389380249451862,-2.3025850929940455,4.929564057668315,46.29
7.25,8.75,-1.29545,-1.83258146374831,0.08333334,0.00617284,48.27243,2.0967901800144486,2.290585484805681,-2.3025850929940455,6.570745417866771,44.07
7.75,8.75,-1.069575,-1.6607312068216509,0.3333333,0.009259259,43.89788,2.3617969526258915,1.9047709911488302,-2.3025850929940455,6.435679263827363,52.88
8.25,8.75,-0.9292806,-1.171182981502945,0.3333333,0.0,87.01685,2.187174241482718,0.7188251611742855,-2.3025850929940455,6.788495503482008,48.39
8.75,8.75,-0.6362387,-0.4462871026284195,0.3333333,0.0,138.7982,2.1090003439213802,0.9569066251570091,-1.3102481827875916,6.812589398766126,48.71
9.25,8.75,-0.3615667,-1.6607312068216509,0.3333333,0.0,192.3695,2.321406847234633,-2.3025850929940455,-2.1861747323584257,5.486081999555636,54.55
9.75,8.75,-0.005275292,-1.3862943611198906,0.0,0.0,246.5668,2.262804222982201,-0.09489997395025156,-1.5850463207557337,6.619898524607691,57.4
10.25,8.75,0.2796293,-2.3025850929940455,0.0,0.05555556,301.052,1.9810014688665833,-2.3025850929940455,0.3360314251924152,4.658960210948282,54.95
10.75,8.75,0.561237,-1.5606477482646683,0.0,0.06790123,355.6929,0.5306282510621705,-0.04800659623898085,0.3114708620830624,5.803907106968707,47.77
11.25,8.75,0.7456077,-0.5621189181535413,0.1666667,0.02777778,410.4271,1.7387102481382395,1.515543629774156,-2.3025850929940455,6.077935778245102,53.1
11.75,8.75,0.8997806,-0.8915981192837834,0.0,0.0,465.2216,1.8245492920510458,-0.07609442076006642,-2.3025850929940455,6.718454906806632,42.78
12.25,8.75,0.9896625,-1.2729656758128873,0.25,0.0,520.0574,0.7701082216960737,-0.5157490573319881,-2.3025850929940455,6.30712383194135,55.63
12.75,8.75,1.113326,-2.3025850929940455,0.0,0.1944444,557.0051,1.747459210331475,-2.3025850929940455,-2.3025850929940455,6.698205783372685,30.55
13.25,8.75,1.088279,-2.3025850929940455,0.08333334,0.0,573.0657,-0.23572233352106997,-1.2938315038209767,-2.3025850929940455,5.516488174241718,10.49
13.75,8.75,1.15542,-2.0402208285265546,0.0,0.0,593.8618,-0.2876820724517809,-0.6138813899929767,2.853058646335693,5.606519455969304,10.22
14.25,8.75,1.06033,-2.2072749131897207,0.25,0.0,618.9161,-0.37106368139083207,-2.3025850929940455,0.9043679369922002,-1.8787712898541467,12.43
14.75,8.75,1.028176,-2.3025850929940455,0.0,0.0,647.7348,-0.19845093872383832,-2.3025850929940455,-2.3025850929940455,6.27532438662537,25.08
15.25,8.75,0.9764155,-2.3025850929940455,0.0,0.0,328.1624,-0.01005033585350145,-1.1105286068084483,-2.3025850929940455,6.140899338880202,56.27
3.25,9.25,1.3974,-2.120263536200091,0.0,0.0,471.1269,1.9501867058225733,-2.3025850929940455,-2.3025850929940455,3.5986866581370407,37.46
3.75,9.25,0.8241337,-2.3025850929940455,0.0,0.0,416.2218,2.042518187575238,0.030386420835824803,-2.2721876134144647,6.439432156892929,48.31
4.25,9.25,0.2035238,-2.3025850929940455,0.0,0.0,361.331,2.008214032391468,-1.1159845157809356,-2.3025850929940455,4.948559161013519,49.54
4.75,9.25,-0.4526493,-2.3025850929940455,0.1666667,0.6200123,306.4623,1.5238800240724537,0.8891316400230833,2.124152803186604,5.814403628859035,45.93
5.25,9.25,-1.322604,-1.5141277326297755,0.0,0.1851852,251.6303,-2.3025850929940455,0.7151493478777559,0.2016804582073839,5.419851579953786,46.85
5.75,9.25,-1.515804,-0.7339691750802004,0.0,0.009259259,196.8658,1.1474024528375417,0.8633358472835455,-0.27378718835374855,5.626053338610689,51.22
6.25,9.25,-1.445731,-0.342490308946776,0.08333334,0.0,142.2469,0.5653138090500605,0.9244263478208784,-2.3025850929940455,6.27798262988655,54.2
6.75,9.25,-1.423476,-0.7985076962177717,0.25,0.0,88.04521,2.305580601973844,0.6063984963362767,-2.3025850929940455,5.7570676006960335,52.85
7.25,9.25,-1.356984,0.06765864847381486,0.3333333,0.009259259,36.18734,2.0906287310704004,2.801606115810175,-0.5108256237659907,8.17961950842562,51.33
7.75,9.25,-1.226538,-0.6348782724359695,0.3333333,0.00308642,30.11437,2.2793164660546914,2.291947514039991,-2.2140316980254817,6.645480230534778,47.18
8.25,9.25,-0.9303123,-0.9942522733438669,0.3333333,0.0,80.89508,0.8458682675776092,-0.06146867793159689,-2.3025850929940455,6.845101167894831,47.07
8.75,9.25,-0.6388413,-0.5978370007556203,0.0,0.07407407,134.9849,1.6154199841116477,-0.30530090995356807,-1.104183277851645,6.016904441389436,47.55
9.25,9.25,-0.3092026,-1.171182981502945,0.0,0.02160494,189.5721,2.3282528397426234,0.1849115332408304,-2.1326860436986483,5.5940282466914235,50.46
9.75,9.25,0.06147787,-0.8209805520698301,0.0,0.0,244.3235,2.2700619012884857,0.0369221118538263,-2.081913714983641,6.554373478119172,46.89
10.25,9.25,0.3639313,-2.3025850929940455,0.0,0.0,299.1489,2.4714836294558595,-2.3025850929940455,-2.3025850929940455,5.632485164274075,55.04
10.75,9.25,0.5678919,-1.9661128563728325,0.0,0.0,354.0137,2.272125885509337,-2.3025850929940455,-1.555370743795405,4.935255641905248,51.89
11.25,9.25,0.726749,-1.4271163556401456,0.0,0.1358025,408.9021,0.6312717768418579,-0.05177056615834168,0.5078580247967043,6.199764068934604,44.12
11.75,9.25,0.8343896,-1.6607312068216509,0.25,0.0496586,463.8056,0.8285518175661483,-0.8918730351184595,0.3278782712027029,6.318173563941088,38.88
12.25,9.25,0.8708317,-0.579818495252942,0.4166667,0.02160494,518.7193,1.1908875647772805,1.7023267996375688,0.25090267685625506,7.48963788249716,28.59
12.75,9.25,1.005228,-1.3093333199837622,0.4166667,0.1512346,573.6401,0.4054651081081644,0.29775591052910305,0.3834130727896324,7.243255614889393,40.56
13.25,9.25,1.097799,0.0,0.4166667,0.0,625.4205,-0.5108256237659907,1.4967985255063752,-0.4854306562585735,2.401480655805977,11.95
13.75,9.25,1.280801,-1.897119984885881,0.08333334,0.0,644.5085,-0.23572233352106997,0.15626843579825966,0.6750835104009957,5.148249424326991,10.8
14.25,9.25,1.363721,-2.120263536200091,0.08333334,0.0,667.6397,-0.06187540371808753,-2.3025850929940455,-2.3025850929940455,6.224466543865906,29.66
14.75,9.25,1.565959,-0.4307829160924542,0.0,0.0,277.5823,0.08617769624105241,-0.10327480337978914,-2.3025850929940455,4.36480163244601,65.25
15.25,9.25,1.552897,-2.3025850929940455,0.0,0.0,272.8657,0.3220834991691134,-2.3025850929940455,-2.3025850929940455,4.711583047735487,64.0
3.25,9.75,1.118684,-1.1086626245216111,0.0,0.0,367.9618,1.0681530811834012,-0.38333460418517384,-2.3025850929940455,4.872172906933312,18.03
3.75,9.75,0.8367807,-2.3025850929940455,0.0,0.0,422.0079,2.1435893615035875,-0.461059269558468,-2.3025850929940455,4.7735897226126625,45.86
4.25,9.75,0.5435622,-1.7147984280919266,0.0,0.0,368.0641,1.8421356765531216,0.8581326656069936,-2.3025850929940455,3.996680280359238,48.78
4.75,9.75,0.1367177,-1.7147984280919266,0.0,0.4235727,314.4561,1.55814461804655,1.1728984592292666,1.5588100807876224,5.471117487999993,48.47
5.25,9.75,-0.5171646,-1.9661128563728325,0.0,0.0,261.3905,2.0731719286662402,0.13674347834928663,-2.3025850929940455,5.885855389430179,50.76
5.75,9.75,-1.094211,-1.6607312068216509,0.08333334,0.0,209.2808,2.0693912058263346,-0.15932579767963945,-0.721953116276627,5.87269790286724,48.76
6.25,9.75,-1.349048,-1.2378743560016172,0.1666667,0.03703704,159.069,2.4362414778067194,0.5542120712640854,-0.45578424556174724,6.554317660674099,53.94
6.75,9.75,-1.227207,-0.4780358009429998,0.25,0.2839506,113.3074,2.2159372862683733,2.0060315182109476,1.6654915384428757,6.160669624419186,51.35
7.25,9.75,-1.116772,-1.5606477482646683,0.3333333,0.0,80.03336,2.355177543113216,0.47819436837052076,-2.3025850929940455,5.672078850594579,52.01
7.75,9.75,-0.888335,-2.3025850929940455,0.3333333,0.0,77.48074,2.327277705584417,0.7562984899640806,-2.3025850929940455,4.142185704784377,52.79
8.25,9.75,-0.4510378,-1.0498221244986778,0.25,0.0,107.8534,0.3001045924503381,0.38645352785175857,-2.3025850929940455,7.305461699498226,54.87
8.75,9.75,-0.002701359,0.6830968447064438,0.0,0.1574074,152.6191,0.5423242908253618,2.1969236431711865,-0.9334117129996371,8.440575395364775,44.26
9.25,9.75,0.4226406,-1.3093333199837622,0.0,0.0,202.4449,2.1701959049483,-0.9819413378155368,-2.3025850929940455,8.444673465024525,51.91
9.75,9.75,0.7073673,-1.6607312068216509,0.0,0.0,254.3745,1.646733697177797,-0.5158631240249472,-1.276499412111026,6.383075967835939,49.3
10.25,9.75,0.9289119,-1.897119984885881,0.0,0.0,307.3432,2.3204250111223765,-2.3025850929940455,-2.3025850929940455,5.058670252534692,53.94
10.75,9.75,1.057848,-2.3025850929940455,0.0,0.0,360.8938,2.401525040848949,-1.4310172877250955,-2.3025850929940455,6.580014115369758,49.04
11.25,9.75,1.172462,-0.527632742082372,0.0,0.0,414.8008,1.5953389880545985,0.11778659120561814,-2.3025850929940455,6.294513873643985,44.17
11.75,9.75,1.263227,-0.867500567704723,0.08333334,0.1241465,468.9412,0.4946962418361071,0.28754006236882645,0.59852271559945,5.825185321255083,46.23
12.25,9.75,1.323828,-2.3025850929940455,0.3333333,0.0617284,523.2425,0.418710334858185,-0.8734748065558043,0.9507516737286391,5.963718922565798,47.98
12.75,9.75,1.554739,-2.3025850929940455,0.08333334,0.0,577.6593,2.2915241456346207,-0.43234259329530755,-2.0335951346864927,4.113862018141834,50.57
13.25,9.75,1.579498,-1.0498221244986778,0.0,0.0,678.243,1.3480731482996928,-2.3025850929940455,-2.242686946761814,6.650190299500567,33.37
13.75,9.75,1.665517,-0.2744368457017603,0.1666667,0.00308642,695.8634,-0.32850406697203605,0.3251281349205559,-1.663333695622946,6.563668767203704,10.85
14.25,9.75,1.689494,-1.3862943611198906,0.4166667,0.0,241.8734,0.01980262729617973,-2.3025850929940455,0.6017492877707695,5.883498696064962,50.89
14.75,9.75,1.915121,-2.0402208285265546,0.25,0.0,223.4473,0.2468600779315258,-2.3025850929940455,-0.9255931151906741,5.372433624381718,59.04
15.25,9.75,2.137751,-2.0402208285265546,0.08333334,0.0,217.5696,-0.06187540371808753,-1.332218381993228,-0.17714979344682996,5.372647171237959,57.83
3.25,10.25,0.6953133,-1.2378743560016172,0.1666667,0.0,422.3843,-1.0216512475319814,-1.1595410129690182,-2.3025850929940455,3.6594212918080236,6.57
3.75,10.25,0.2706116,-1.897119984885881,0.0,0.0,434.7978,1.9095425048844383,-2.3025850929940455,-2.3025850929940455,4.881204435161306,34.75
4.25,10.25,-0.09510615,-2.120263536200091,0.0,0.1388889,382.7438,2.306577114263583,-2.3025850929940455,1.3734028717974083,4.152611898017796,45.79
4.75,10.25,-0.4717126,-1.5141277326297755,0.0,0.2823818,331.5998,0.4446858212614457,-0.5535605579002159,3.1022772874167543,6.12075028342532,41.86
5.25,10.25,-0.9322571,-1.3862943611198906,0.0,0.02160494,281.8619,2.1459312829486685,1.0878017312594819,-1.7306992340695964,5.531867778153357,56.71
5.75,10.25,-1.061973,-1.7147984280919266,0.0,0.0,234.4267,2.425687290128029,0.5140958706748489,-2.2721876134144647,5.464800403579151,53.71
6.25,10.25,-1.19257,-1.4271163556401456,0.1666667,0.0,191.0178,2.496505785631352,1.064260635712043,-2.3025850929940455,4.55288587438937,58.01
6.75,10.25,-0.7755493,-2.3025850929940455,0.1666667,0.3024691,155.0545,2.458733775483977,-0.6747459268861229,1.3220851190973342,4.779084836902203,53.86
7.25,10.25,-0.07928924,0.26236426446749106,0.3333333,0.05864197,132.7336,2.149433913499871,2.335945398222291,-0.8012550222197355,9.682181062790555,53.39
7.75,10.25,0.3539015,-2.3025850929940455,0.3333333,0.0,131.2125,2.4362414778067194,0.8751432677277402,-2.3025850929940455,4.698670547240185,54.54
8.25,10.25,0.7532141,-2.3025850929940455,0.25,0.0,151.1207,2.2159372862683733,-0.5166537409618042,-2.3025850929940455,6.1000882079119005,55.89
8.75,10.25,1.012551,-1.897119984885881,0.0,0.00308642,185.6891,0.3987761199573677,0.994070326792597,-2.3025850929940455,6.757819553740268,48.23
9.25,10.25,1.173216,-1.7719568419318752,0.0,0.0,228.354,2.3997118037247684,0.5640630271484077,-2.3025850929940455,6.094129658425107,57.32
9.75,10.25,1.167333,-0.040821994520255166,0.0,0.009259259,275.3777,2.239645293220171,1.8530516328947255,-0.9899240859076471,6.9589055131370605,51.69
10.25,10.25,1.344383,-1.2378743560016172,0.0,0.02777778,324.8727,2.0744289998562917,-0.43521796717751704,-0.5474980798193864,7.020658873951043,48.6
10.75,10.25,1.47569,-1.6607312068216509,0.0,0.0,375.8639,2.298577071596507,-0.31963201251950085,-2.1590728006766557,6.912983587526368,43.36
11.25,10.25,1.534188,0.29266961396282004,0.08333334,0.00308642,427.8166,1.1184149159642893,1.874030768668247,0.6034385328403414,7.136454568561987,30.38
11.75,10.25,1.568489,-1.0216512475319814,0.3333333,0.01241465,480.4189,1.868720510364183,-0.4451920773874558,-0.8609012010301283,6.703958736479884,34.58
12.25,10.25,1.766612,-1.3093333199837622,0.3333333,0.0,533.4785,1.4060969884160703,-0.5601014808651403,-2.3025850929940455,5.992045378392827,55.13
12.75,10.25,1.911816,-1.5141277326297755,0.08333334,0.0,586.8713,1.9300710850255671,0.2844019487230471,-2.3025850929940455,5.332573855226126,60.26
13.25,10.25,2.013875,0.06765864847381486,0.0,0.00308642,640.5139,1.597365331199831,0.9033829841716741,-2.2721876134144647,7.90692174786371,46.92
13.75,10.25,2.101196,-1.07880966137193,0.0,0.00308642,747.7809,-0.867500567704723,-2.3025850929940455,-2.1326860436986483,6.3671940690159055,22.8
14.25,10.25,1.920331,-0.7339691750802004,0.3333333,0.03395062,767.76,-0.8209805520698301,-0.15133278715204002,-2.3025850929940455,5.944617668535409,7.78
14.75,10.25,1.925486,-1.6607312068216509,0.25,0.0,791.0948,-1.0216512475319814,-2.3025850929940455,-2.3025850929940455,4.134634575265299,5.66
15.25,10.25,1.978633,0.16551443847757352,0.08333334,0.2654321,817.498,0.03922071315328133,0.1116585413927765,0.12570799449544365,6.08429802605557,20.33
3.25,10.75,0.2428113,-2.3025850929940455,0.1666667,0.0,477.011,-0.7765287894989964,-2.3025850929940455,-2.3025850929940455,4.96148006329811,7.34
3.75,10.75,-0.2145498,-1.9661128563728325,0.0,0.0,488.0946,1.4816045409242153,-2.3025850929940455,-2.3025850929940455,4.841331832996858,26.08
4.25,10.75,-0.3322968,-2.3025850929940455,0.0,0.03703704,404.5065,1.3297240096314964,-2.3025850929940455,0.3360314251924152,6.2003604814469115,56.22
4.75,10.75,-0.3966381,-1.2729656758128873,0.0,0.07673419,356.5771,0.6097655716208943,0.24113119919793952,2.2459400297200864,5.993243713452485,49.07
5.25,10.75,-0.6130253,-2.120263536200091,0.0,0.0,310.9369,2.4898941912990393,-0.8605244810880956,-2.3025850929940455,5.300520936902579,56.27
5.75,10.75,-0.7947357,-2.120263536200091,0.08333334,0.0,268.7547,2.532902848056256,0.22696105536447134,-2.3025850929940455,3.9809195789452634,58.13
6.25,10.75,-0.938806,-2.0402208285265546,0.1666667,0.0,231.9253,2.465553921272185,-0.042459167289864666,-2.3025850929940455,4.962666992105562,54.33
6.75,10.75,-0.1213924,-2.3025850929940455,0.1666667,0.0,203.3778,2.4570214462984645,0.8165583485251644,-2.1861747323584257,5.496047105269661,55.79
7.25,10.75,0.7233325,0.6981347220709843,0.1666667,0.1419753,186.9457,1.8976198599275322,2.3600631224181576,-2.1326860436986483,9.87403247991448,48.86
7.75,10.75,1.228696,-0.23572233352106997,0.3333333,0.0,185.8705,1.9782390361706732,1.0930947617396067,-0.887391370316803,9.047172643818774,46.97
8.25,10.75,1.369023,-1.9661128563728325,0.1666667,0.0,200.3995,0.688134638736401,0.5783657605446748,-2.1861747323584257,6.05759235154055,43.09
8.75,10.75,1.488364,-1.6094379124341003,0.0,0.0,227.5633,1.269760544863939,0.47162419042685255,-2.3025850929940455,6.591176489062309,50.98
9.25,10.75,1.532292,-1.5141277326297755,0.0,0.0,263.4826,2.21046980408624,-0.4732061919796833,-2.3025850929940455,6.1254765117392775,55.1
9.75,10.75,1.547112,-2.3025850929940455,0.0,0.0,305.0803,2.163323025660538,-1.0034413912904043,-2.3025850929940455,6.127599703246298,47.4
10.25,10.75,1.620028,-1.3093333199837622,0.0,0.00308642,350.3395,2.281361456542419,-0.29138130618777175,-1.0410424927906892,6.3063732748477745,45.02
10.75,10.75,1.6549,-1.6607312068216509,0.0,0.009259259,398.013,2.239645293220171,-0.48915285085791094,-1.570098456331042,4.734504031224031,40.52
11.25,10.75,1.637716,-1.203972804325936,0.08333334,0.1018519,447.3295,2.1294214739848565,1.012375884037087,-0.03966526795312514,7.4791302276121705,39.37
11.75,10.75,1.745459,-2.0402208285265546,0.4166667,1.725636,497.8007,2.1736147116970854,-0.8384976295895263,0.909714354832154,6.4063849790851215,39.29
12.25,10.75,1.996533,-1.171182981502945,0.3333333,0.01234568,549.1083,-0.867500567704723,0.8092447966944551,-1.8411053767942454,5.870562496126455,61.31
12.75,10.75,2.113929,-1.1086626245216111,0.4166667,0.0,601.038,1.9198594718553705,-0.8870285755694138,-2.3025850929940455,6.645974844053009,56.78
13.25,10.75,2.271356,-0.09431067947124129,0.4166667,0.0,653.4414,2.0515563381903,0.17667648665834154,-2.3025850929940455,7.4528124599659895,51.52
13.75,10.75,2.330932,-0.10536051565782628,0.08333334,0.01234568,800.152,0.6830968447064438,0.06863107271233403,-2.081913714983641,6.504898316702759,24.43
14.25,10.75,2.051635,0.05826890812397583,0.25,0.7191358,818.8308,-1.171182981502945,1.2075465110224977,-2.3025850929940455,5.334546590424979,5.95
14.75,10.75,2.148139,-1.5606477482646683,0.4166667,0.1944444,840.7219,-1.3093333199837622,-0.4625763995289798,1.1112889327530067,5.91484426790591,8.2
15.25,10.75,2.132681,-1.7719568419318752,0.4166667,0.08950617,106.9915,-0.040821994520255166,-1.1616409102779,0.6797868271831089,6.046662707572744,44.5
3.25,11.25,0.1595315,-2.120263536200091,0.1666667,0.0,531.7795,-0.8209805520698301,-2.3025850929940455,-2.3025850929940455,5.368224420043252,9.4
3.75,11.25,0.07657543,-2.0402208285265546,0.08333334,0.0,478.8458,1.1118575154181303,-2.3025850929940455,-1.8411053767942454,5.662209156296195,47.34
4.25,11.25,-0.07223023,-1.5141277326297755,0.08333334,0.1697531,432.2845,0.5423242908253618,-0.12669640446557928,0.6017492877707695,6.363917879985764,45.72
4.75,11.25,-0.1643218,-1.0216512475319814,0.0,0.03683241,387.8783,1.5129270120532565,-0.0960548369926813,-0.1674057919594725,5.622123656223328,50.44
5.25,11.25,-0.3345107,-0.9416085398584448,0.0,0.009259259,346.457,2.1701959049483,0.8821128661651981,-1.9652313878375383,5.478132869142989,47.88
5.75,11.25,-0.4765183,-1.6607312068216509,0.08333334,0.0,309.2226,2.496505785631352,0.3578478558085929,-2.3025850929940455,4.5142170504657315,56.41
6.25,11.25,-0.3939612,-2.0402208285265546,0.08333334,0.0,277.8635,2.419478844465545,0.005564091691947641,-2.3025850929940455,5.63264301518261,49.82
6.75,11.25,0.4921459,-2.3025850929940455,0.1666667,0.0,254.5605,2.4300984132930052,0.2194061760196339,-2.2721876134144647,6.722290025949194,50.74
7.25,11.25,1.164539,-0.7765287894989964,0.1666667,0.0,241.6555,1.9837562915454279,0.9580298097448938,-2.0574626175697563,7.937311479879473,33.74
7.75,11.25,1.454996,0.4510756193602167,0.08333334,0.00308642,240.826,1.8164520818184262,1.9224679436656313,-1.2654979147939394,8.98571021621294,19.09
8.25,11.25,1.683634,-1.6094379124341003,0.1666667,0.25,252.1911,1.000631880307906,0.3390075913201174,1.2117204139392506,7.374099094271374,32.5
8.75,11.25,1.698983,-2.3025850929940455,0.08333334,0.07716049,274.239,0.6780335427498972,-2.3025850929940455,-0.45092754032445836,7.542213463193402,33.41
9.25,11.25,1.679297,-1.6094379124341003,0.0,0.0,304.6589,1.9685099809725541,0.15552145417238702,-2.1861747323584257,7.209172343097942,35.52
9.75,11.25,1.724501,-0.8915981192837834,0.0,0.06481481,341.219,1.4469189829363254,0.17115106518064835,-1.1135378223434387,6.83388212541022,19.18
10.25,11.25,1.74575,-0.11653381625595152,0.0,0.2469136,382.1611,1.504077396776274,0.10648118747052843,-1.8411053767942454,6.683167435179477,29.11
10.75,11.25,1.699491,-0.867500567704723,0.08333334,0.2222222,426.2242,2.2192034840549946,-1.1499241095430641,-2.3025850929940455,6.362902923291951,32.49
11.25,11.25,1.667232,-1.1394342831883648,0.3333333,0.2098765,472.5358,2.172476407647025,-0.3171873707913513,-2.3025850929940455,5.828224180966774,35.6
11.75,11.25,1.876787,-2.120263536200091,0.4166667,0.1489758,520.4961,2.312535423847214,-0.5500972582157393,-2.3025850929940455,4.0694861358853895,37.41
12.25,11.25,2.083967,-1.4696759700589417,0.4166667,0.00308642,569.6887,2.0781907597781832,-0.18825359660311697,-2.3025850929940455,5.430418299052145,43.51
12.75,11.25,2.192104,-2.3025850929940455,0.4166667,0.00308642,619.8202,1.8764069432883395,0.41412549843477703,-2.3025850929940455,4.433061658212387,51.17
13.25,11.25,2.288504,-1.6094379124341003,0.4166667,0.0,670.6799,2.0643279038697875,-2.3025850929940455,-2.3025850929940455,6.623593403360837,62.04
13.75,11.25,2.448398,-0.7339691750802004,0.4166667,1.978395,722.114,1.6370530794670737,-0.0631071194153272,-2.3025850929940455,6.558305740249225,43.1
14.25,11.25,2.38042,-0.4620354595965587,0.4166667,0.308642,870.4183,0.9969486348916095,0.211422325351496,-2.3025850929940455,7.057730109215895,18.82
14.75,11.25,2.28824,-2.3025850929940455,0.4166667,0.0,891.0158,-0.35667494393873245,-2.3025850929940455,-2.3025850929940455,6.101000110113736,11.16
15.25,11.25,2.264408,-2.3025850929940455,0.4166667,0.1080247,51.75017,0.29266961396282004,-2.3025850929940455,0.3917920565208144,5.964402654990211,46.2
3.25,11.75,0.288777,-1.4696759700589417,0.1666667,0.154321,586.6509,-0.4307829160924542,0.46706180632481487,-0.4129000791329959,6.585636063175192,4.66
3.75,11.75,0.26396,-1.07880966137193,0.08333334,0.05555556,508.508,0.16551443847757352,0.048592239821795696,0.23638904122209048,6.31182573060927,28.46
4.25,11.75,0.1526036,-0.4942963218147801,0.08333334,0.2283951,465.0017,1.7298840655099674,-0.4044599634353658,-2.1069776852752433,6.5011486696092335,28.58
4.75,11.75,0.1182798,-1.7147984280919266,0.0,0.0,424.1061,2.2700619012884857,-0.742046500686672,-2.3025850929940455,6.530162940911213,44.22
5.25,11.75,0.02629098,-1.7719568419318752,0.0,0.0,386.6508,2.375835554733638,0.03118204717314264,-2.3025850929940455,5.665157717219363,48.84
5.75,11.75,-0.1314828,-2.3025850929940455,0.1666667,0.0,353.7302,2.420368128650429,0.05418956115486799,-2.3025850929940455,5.07787017678157,50.16
6.25,11.75,0.152292,-2.3025850929940455,0.25,0.00308642,326.7183,2.3513752571634776,0.6877134445189308,-2.081913714983641,6.427472600861384,43.18
6.75,11.75,0.8185309,-1.2378743560016172,0.25,0.03395062,307.1776,2.3005830903233724,0.3539738994000247,-2.3025850929940455,6.5865904636937325,38.0
7.25,11.75,1.30839,-0.08338160893905114,0.25,0.0617284,296.5888,2.136530508663963,1.3286406187426614,-1.4985371722017646,7.560449147050255,31.61
7.75,11.75,1.603889,-0.7339691750802004,0.1666667,0.07098766,295.9145,1.340250422618484,0.610236656295257,0.16572373860667153,7.464275996410248,32.02
8.25,11.75,1.688787,0.5007752879124893,0.1666667,0.2191358,305.2202,1.275362800412609,2.0517402544386236,0.574321977035232,10.699913758956273,28.16
8.75,11.75,1.678357,0.04879016416943205,0.08333334,0.1111111,323.6464,1.4255150742731717,2.3222337868744574,-1.0857326879616715,10.639567777781107,16.13
9.25,11.75,1.735883,-0.9416085398584448,0.0,0.8271605,349.7544,1.3001916620664788,1.6200741466156503,-1.7482743806925716,7.495284688574723,25.46
9.75,11.75,1.772879,-0.7765287894989964,0.0,3.811728,381.9722,0.9242589015233319,0.25256642198738005,-1.4712877029855496,6.282714310275975,31.7
10.25,11.75,1.780188,-0.37106368139083207,0.08333334,1.018519,418.8924,1.4539530095937052,0.9321636873295802,-2.1590728006766557,6.773973683630951,29.93
10.75,11.75,1.755482,-0.7985076962177717,0.08333334,0.5802469,459.3825,2.187174241482718,-0.20119775655667302,-2.242686946761814,7.054769986787695,31.15
11.25,11.75,1.799008,0.01980262729617973,0.08333334,0.3919753,502.5804,1.9919755158985601,1.0921632046239276,-2.3025850929940455,7.471519023666548,26.75
11.75,11.75,1.980338,-1.6607312068216509,0.25,0.1365611,547.8457,2.281361456542419,1.3383709087472548,-2.3025850929940455,5.256883726677562,26.18
12.25,11.75,2.132941,-2.0402208285265546,0.4166667,0.2283951,594.7065,2.1400661634962708,-0.015361891972816807,-2.3025850929940455,5.15449953516384,34.23
12.75,11.75,2.2096,-2.3025850929940455,0.4166667,0.404321,642.8139,2.1587147225743437,-0.8326550252206626,-2.3025850929940455,4.858520096823657,37.56
13.25,11.75,2.263661,0.9202827531436926,0.4166667,1.074074,691.9078,1.5085119938441396,2.15793404841254,-0.5636362090082307,9.387618398191739,33.54
13.75,11.75,2.494116,-1.1394342831883648,0.4166667,0.3796296,741.7922,1.9242486522741338,0.12486986465801299,-2.3025850929940455,5.728191469795172,32.74
14.25,11.75,2.482367,-1.9661128563728325,0.4166667,0.04012346,792.3177,1.918392120161421,-2.3025850929940455,-2.3025850929940455,3.9597220984053445,46.76
14.75,11.75,2.272325,-2.120263536200091,0.4166667,0.154321,941.8703,0.6729444732424259,-2.3025850929940455,-2.3025850929940455,4.976093537533151,20.55
15.25,11.75,2.227835,-2.3025850929940455,0.4166667,0.1574074,5.176321,0.16551443847757352,-1.1499241095430641,0.44855588698969256,4.983612101145379,44.8
3.25,12.25,0.2531009,-2.3025850929940455,0.08333334,0.04629629,186.458,0.0769610411361284,-2.3025850929940455,-0.5263781057389951,6.664954789758533,0.38
3.75,12.25,0.2789177,-1.0216512475319814,0.08333334,0.02777778,542.1976,1.713797927758343,-0.5728836682753673,-2.3025850929940455,6.471136908155653,12.36
4.25,12.25,0.3100086,0.25464221837358075,0.08333334,0.4783951,501.6934,1.2837077723447894,1.7291211859388484,-2.1590728006766557,7.216157205008257,21.37
4.75,12.25,0.3201894,-0.6931471805599453,0.0,0.2117864,464.1092,2.221375037568502,0.29960372629708487,-1.6030130958402038,7.471212820779132,32.21
5.25,12.25,0.2840153,-1.7719568419318752,0.1666667,0.1419753,430.2112,2.1540850846756014,0.5104237430227416,-0.5690739254356141,6.078195989086129,36.84
5.75,12.25,0.1831832,-2.3025850929940455,0.1666667,0.1172839,400.9354,2.211565694606877,0.6162445377186034,-1.6471782538784858,6.1362129494448165,34.3
6.25,12.25,0.542239,-0.9942522733438669,0.25,1.095679,377.3593,2.206074192613202,0.6271841786645678,-0.44128416944478804,7.102195605943636,35.12
6.75,12.25,1.017733,-0.11653381625595152,0.3333333,2.104938,360.6028,1.9754689512968577,1.6684144946260067,-2.0102840544094724,6.5029666420157675,39.0
7.25,12.25,1.399031,-1.5606477482646683,0.25,0.3148148,351.6419,2.262804222982201,0.40468680530910245,-0.6023363805279007,6.131660743007516,37.71
7.75,12.25,1.623091,-0.6161861394238168,0.08333334,0.1790123,351.0742,2.0943301541735866,0.2343627797465249,-0.38984695883542936,6.439351169821824,32.64
8.25,12.25,1.709027,-0.2613647641344075,0.3333333,0.558642,358.9396,1.3137236682850553,1.7520200482357866,0.2746340662525089,9.35517205019145,29.95
8.75,12.25,1.794686,0.3148107398400336,0.25,10.9321,374.7074,0.35065687161316944,2.0623307331864638,-0.34527629889130507,9.198409885909074,35.13
9.25,12.25,1.816244,-0.5621189181535413,0.08333334,42.11111,397.438,-1.6607312068216509,0.03561141901898458,-1.922121330129274,7.49101951086016,41.49
9.75,12.25,1.861447,0.2851789422336624,0.08333334,38.16667,426.0184,0.08617769624105241,0.5031270657683259,-1.0323392726368805,7.910387363429686,36.78
10.25,12.25,1.890266,-0.9942522733438669,0.08333334,19.67901,459.3578,0.9820784724121581,1.0907010773967736,-2.1326860436986483,7.770929581884175,29.73
10.75,12.25,1.827405,-1.07880966137193,0.08333334,28.55864,496.4985,1.8515994695840718,-0.16842279364537577,-2.3025850929940455,6.574417046236402,45.72
11.25,12.25,1.923833,-1.83258146374831,0.1666667,24.3179,536.6517,2.253394848803274,-1.027448854557512,-2.3025850929940455,5.786644895507106,44.64
11.75,12.25,2.035537,-2.3025850929940455,0.1666667,6.492862,579.1911,2.282382385676526,-0.61986976751068,-2.3025850929940455,4.165544751345609,47.47
12.25,12.25,2.215583,-2.3025850929940455,0.4166667,0.6018519,623.6285,2.228938552825747,-2.3025850929940455,-2.3025850929940455,4.46805340209456,45.55
12.75,12.25,2.356246,-1.9661128563728325,0.4166667,1.864197,669.5859,2.225704048658088,-0.20121683345724956,-2.3025850929940455,4.749181348496122,47.26
13.25,12.25,2.448559,-2.3025850929940455,0.4166667,2.515432,716.7711,2.0202221820198645,-2.3025850929940455,-2.1590728006766557,5.297865264365244,41.78
13.75,12.25,2.422009,-1.9661128563728325,0.4166667,1.030864,764.9567,-0.020202707317519466,-0.40690594561617344,-2.3025850929940455,5.259713742955821,32.98
14.25,12.25,2.508204,-1.2378743560016172,0.4166667,5.055555,813.9648,-2.2072749131897207,0.08685709842263704,-1.8807931296551335,5.236376003207853,41.53
14.75,12.25,2.3358,-2.3025850929940455,0.4166667,3.811728,993.1995,-2.3025850929940455,0.989166402198628,-0.046108547918393146,5.262152220391573,25.31
15.25,12.25,2.344,1.0508216248317612,0.1666667,3.885803,59.10968,-1.07880966137193,2.2327573016299045,-0.8949158118664625,3.9307972609940753,50.99
3.25,12.75,0.1356544,-2.3025850929940455,0.08333334,1.450617,149.3122,2.4578779774000807,-1.2617392853542124,-2.3025850929940455,5.585254911908294,1.47
3.75,12.75,0.2905644,-1.83258146374831,0.0,13.14198,196.3585,2.9745086371023644,-1.021670969948689,-2.3025850929940455,6.7413860052369845,8.88
4.25,12.75,0.3217579,-0.8915981192837834,0.0,10.12037,541.553,1.9754689512968577,-0.010090841724358198,-2.3025850929940455,7.122642439915564,36.69
4.75,12.75,0.3887217,-0.4004775665971254,0.08333334,2.111725,506.9953,2.151762203259462,0.6904054253819275,-1.7158903573630995,7.288992583126328,27.81
5.25,12.75,0.4089415,-0.4155154439616658,0.25,10.29938,476.2159,2.0781907597781832,1.317104238037265,-1.2438521876881534,7.916117497204779,38.93
5.75,12.75,0.3711521,-2.0402208285265546,0.25,12.78704,449.9907,2.128231705849268,0.6620702565544689,-1.457936452980033,6.019437869839903,37.1
6.25,12.75,0.7841106,-1.6094379124341003,0.25,5.509259,429.1557,2.024193067449357,0.8840629510759505,0.5620818874679139,6.258879496902313,38.43
6.75,12.75,1.132142,-1.203972804325936,0.3333333,11.05864,414.5244,2.222459048514761,0.7869953831052173,-0.8362481011236984,6.423019177852071,42.84
7.25,12.75,1.420524,-0.7133498878774648,0.25,16.25926,406.7669,2.1713368063840917,0.3002505077301118,-0.9653123978380598,7.091899340671336,42.51
7.75,12.75,1.623988,0.7701082216960737,0.25,13.42901,406.2772,1.8500283773520305,1.8332810589744921,-1.2546164851966402,8.577963873153637,44.91
8.25,12.75,1.796279,-0.10536051565782628,0.25,21.62963,413.081,1.4060969884160703,0.4821612993598434,-1.3451762184558262,7.3374589128590175,45.59
8.75,12.75,1.891311,-0.867500567704723,0.3333333,60.26852,426.8297,1.701105100959924,-0.33273983072213636,-2.3025850929940455,6.838186956240581,41.54
9.25,12.75,1.872462,-0.4780358009429998,0.3333333,94.82407,446.8828,-1.5606477482646683,0.4925518711450836,-2.3025850929940455,7.834435849072344,37.8
9.75,12.75,1.925701,-0.2744368457017603,0.1666667,95.87346,472.4381,-1.5141277326297755,-0.11298428062110626,-2.3025850929940455,7.902289932452983,41.0
10.25,12.75,1.865571,-0.916290731874155,0.1666667,61.67901,502.6571,-0.030459207484708574,0.556462249326743,-0.5056948089369739,7.6859088278444965,42.12
10.75,12.75,1.808423,-1.5141277326297755,0.1666667,53.06173,536.7524,-0.7765287894989964,-0.5401871521339718,-2.0102840544094724,6.578706202408235,40.01
11.25,12.75,1.945623,-1.83258146374831,0.1666667,75.95061,574.0339,1.62924053973028,0.39398816590997615,-2.1861747323584257,5.788994261131498,53.4
11.75,12.75,1.991379,-1.83258146374831,0.1666667,74.11235,613.9211,1.5830939370944983,0.038999727199222324,-1.495455423046429,4.463403836129748,54.08
12.25,12.75,2.15363,-2.3025850929940455,0.1666667,20.92284,655.9388,1.6544112780768314,-2.3025850929940455,-2.2140316980254817,4.078154880371232,56.93
12.75,12.75,2.209898,-2.3025850929940455,0.1666667,7.830247,699.7032,2.3204250111223765,-0.6880663100708574,-2.3025850929940455,3.4398352326766055,56.13
13.25,12.75,2.469128,-2.3025850929940455,0.4166667,10.39198,744.9064,2.243896096645366,-0.8840099095376777,-2.3025850929940455,4.204431988414738,55.5
13.75,12.75,2.319446,-1.6094379124341003,0.4166667,4.765432,791.3017,1.2556160374777745,-0.13523936466442885,1.412491451172377,6.1075681733454745,28.85
14.25,12.75,0.6814102436395939,-1.5852084093335341,0.5,8.194445,1027.503,0.5415744192956803,-2.3025850929940455,2.653806593906481,5.843826696027475,34.16777403035413
14.75,12.75,2.22388,-2.3025850929940455,0.25,5.719136,125.0813,-2.3025850929940455,-0.7848329564585133,1.6022517537346397,5.681930108079032,35.04
15.25,12.75,2.344971,-2.3025850929940455,0.1666667,3.432099,114.3688,-0.7550225842780328,-0.9759624484740108,-1.9875040247325289,4.306101531768407,57.75
3.25,13.25,0.3136907,-1.0498221244986778,0.08333334,32.57407,126.2532,2.465553921272185,0.6424631742029496,-2.3025850929940455,5.834566262736748,41.37
3.75,13.25,0.4367092,-1.83258146374831,0.08333334,61.22839,179.3584,2.682390454321632,-2.3025850929940455,-2.3025850929940455,6.429142537447368,32.65
4.25,13.25,0.5127739,-1.2378743560016172,0.08333334,53.66358,583.9327,1.9572739077056283,-2.3025850929940455,-2.3025850929940455,6.011048032747324,39.26
4.75,13.25,0.5553611,-1.6094379124341003,0.25,23.64948,552.0936,2.089391872533004,0.03426576534183115,-2.1335496571196,6.965903425097694,31.8
5.25,13.25,0.5622392,0.22314355131420974,0.25,28.01852,524.0222,1.0188473201992472,2.1084062354350435,-1.0586795213932385,9.62020976695835,35.68
5.75,13.25,0.5538183,-1.3862943611198906,0.25,52.13272,500.353,1.715598108262491,0.169207610315191,-0.7542348095476595,7.001063456115789,45.5
6.25,13.25,0.9356688,-1.5141277326297755,0.3333333,59.04938,481.7355,2.2793164660546914,0.037437585864779924,-0.5855669502924101,5.23933140140011,42.6
6.75,13.25,1.232991,-1.9661128563728325,0.3333333,43.76852,502.722,2.8021475244813256,-0.26706526688477755,-0.9255931151906741,6.280577283172355,19.39
7.25,13.25,1.514899,-0.23572233352106997,0.3333333,73.24691,556.7929,2.8530159713523955,1.1717856098859805,-0.2301122765743607,6.913588234174581,12.41
7.75,13.25,1.667656,-0.1863295781914935,0.3333333,85.01234,461.5085,2.400618833265411,1.1909094490362986,-2.3025850929940455,8.270743397306791,33.75
8.25,13.25,1.692683,0.336472236621213,0.3333333,89.91975,664.9742,2.167910189667444,0.7693375544379641,-1.3333972135926733,7.739195497518261,29.52
8.75,13.25,1.829984,-2.3025850929940455,0.1666667,94.59568,719.0782,2.4388627112865935,-0.6638258822483819,-2.3025850929940455,6.677856839694778,43.98
9.25,13.25,1.922347,-2.3025850929940455,0.1666667,94.5,773.1885,2.580216829592325,-0.9288181229964962,-2.3025850929940455,6.303432198103502,50.04
9.75,13.25,2.005091,-1.83258146374831,0.1666667,96.89198,827.3034,2.8414149131696336,-2.3025850929940455,-2.242686946761814,5.943351715996714,50.53
10.25,13.25,1.96124,-1.4696759700589417,0.1666667,66.24074,548.1197,2.73046379593911,-1.0248379864617279,-2.3025850929940455,6.097008545931742,38.32
10.75,13.25,1.906781,-2.3025850929940455,0.1666667,72.50926,579.4915,2.178155014615869,-2.3025850929940455,-2.242686946761814,6.07480933536916,49.04
11.25,13.25,1.992514,-2.2072749131897207,0.1666667,83.30247,614.1232,1.8656293177945105,-0.6608649058725596,-2.3025850929940455,6.0985359733232825,52.65
11.75,13.25,2.009076,-2.3025850929940455,0.1666667,73.88889,651.4953,1.5018527017541627,-0.5561075490083393,-2.3025850929940455,5.539234822023884,54.62
12.25,13.25,2.016052,-2.2072749131897207,0.1666667,78.57098,1097.919,2.4388627112865935,0.19784215345168343,-2.081913714983641,5.548563112880644,26.32
12.75,13.25,2.104723,-1.3470736479666092,0.1666667,74.75617,732.7538,1.1410330045520618,0.7721870778949201,-2.3025850929940455,5.119255889913295,50.93
13.25,13.25,2.261176,-2.3025850929940455,0.1666667,54.26234,775.9583,4.369954053439612,-0.9239315990926168,-2.3025850929940455,5.123045700771604,12.46
13.75,13.25,0.6814102436395939,-1.5852084093335341,0.5,3.0,820.5214,0.5415744192956803,0.26111348256583844,0.921708031772097,5.696674606841257,34.16777403035413
14.25,13.25,0.6814102436395939,-2.3025850929940455,0.1562846172093023,0.1512346,199.5358,-2.3025850929940455,-2.3025850929940455,2.993321870866116,4.448303721754468,0.59
14.75,13.25,0.6814102436395939,-2.3025850929940455,0.25,1.015432,177.0493,-2.3025850929940455,-0.5678671620832081,3.5581130924085493,4.849803567921116,1.57
15.25,13.25,2.279261,-1.897119984885881,0.25,38.55247,169.6652,-2.3025850929940455,-2.3025850929940455,1.7883586931386337,5.001405496929666,51.85
3.25,13.75,0.4401388,-1.6607312068216509,0.0,86.37963,125.3176,-0.06187540371808753,-1.0248379864617279,-2.1069776852752433,6.970228543945568,39.27
3.75,13.75,0.5498572,-2.3025850929940455,0.08333334,67.04321,178.6066,2.4756977107026903,-1.2996639233450578,-2.3025850929940455,5.852835899811295,34.65
4.25,13.75,0.6689725,-0.9675840262617056,0.08333334,72.66666,232.2713,1.9629077254238843,0.02630945114364873,-2.0102840544094724,5.0316156589597485,56.5
4.75,13.75,0.7412813,-2.120263536200091,0.25,70.23327,286.1001,1.0402767116551463,-2.3025850929940455,-1.4221665428673604,6.0832840962891055,54.1
5.25,13.75,0.7542397,-0.916290731874155,0.25,41.46296,573.1802,2.2126603854660583,0.6714152433416922,-0.37177973479734205,6.972459098957102,35.46
5.75,13.75,0.7317094,-1.3470736479666092,0.25,36.95062,551.6652,2.6354795082673745,-0.38238623592110443,1.1432787238473041,6.635970571146304,34.89
6.25,13.75,1.051671,-1.6094379124341003,0.25,83.25926,447.978,2.3005830903233724,-0.194401465990296,-0.6367434069448745,6.948219449491015,43.95
6.75,13.75,1.344455,-2.3025850929940455,0.3333333,89.40124,501.9971,2.4756977107026903,-0.5993060793233078,-2.3025850929940455,6.937461643151418,39.94
7.25,13.75,1.587483,-0.5108256237659907,0.3333333,85.66358,556.0313,2.655352412101761,0.9979241736590432,-2.3025850929940455,6.821858880173251,44.43
7.75,13.75,1.624318,-2.3025850929940455,0.1666667,96.36111,610.0762,-0.4942963218147801,0.1857216034122764,-2.3025850929940455,6.766689862453534,58.28
8.25,13.75,1.59831,-1.5606477482646683,0.08333334,88.70061,664.1293,1.7263316639055994,-1.07166290742365,-2.3025850929940455,6.721758657402631,52.21
8.75,13.75,1.664319,0.1823215567939548,0.08333334,91.78704,718.1883,2.462149662665384,1.3696851893125013,-2.0335951346864927,6.70213627190611,55.18
9.25,13.75,1.842328,-0.9675840262617056,0.1666667,84.91666,772.2518,2.4815677485224854,0.5286963862123439,-1.6964492530600943,6.69727113318714,54.38
9.75,13.75,1.951851,-2.3025850929940455,0.1666667,96.66666,826.3188,2.3523271848888596,-0.8751077625131577,-2.0335951346864927,5.889229143197653,49.14
10.25,13.75,1.894338,-2.3025850929940455,0.1666667,85.20988,880.3884,2.485739636091892,-0.4792185969446759,-2.3025850929940455,4.247724516545318,42.73
10.75,13.75,1.994316,-2.3025850929940455,0.1666667,78.02778,934.4599,3.2367157429965316,-2.3025850929940455,-2.3025850929940455,4.182591217607787,57.79
11.25,13.75,2.034562,-2.3025850929940455,0.1666667,62.71605,988.5328,2.785628335747585,-1.0624613786966806,-2.3025850929940455,2.5526618668076457,74.85
11.75,13.75,2.095357,-2.3025850929940455,0.1666667,41.78461,1042.607,1.7404661748405044,-1.3387274209744875,-2.3025850929940455,3.9627412144858227,85.33
12.25,13.75,2.058672,-2.3025850929940455,0.1666667,73.30864,1096.681,1.9810014688665833,-2.3025850929940455,-2.3025850929940455,5.545102832321144,61.45
12.75,13.75,2.018665,-2.3025850929940455,0.1666667,86.23457,1150.756,0.9082585601768908,-0.9074147402930479,-2.3025850929940455,5.958373012107782,50.34
13.25,13.75,2.116456,-2.3025850929940455,0.1666667,49.64506,1204.831,3.684118137012226,0.14619598208733495,-2.2721876134144647,6.151686615839449,14.98
13.75,13.75,0.6814102436395939,-1.5852084093335341,0.1562846172093023,6.851852,275.6204,0.5415744192956803,-2.3025850929940455,-1.6964492530600943,4.642142218907856,34.16777403035413
14.25,13.75,2.199873,-2.3025850929940455,0.5,43.74383,248.2321,3.8218794555751803,-0.46120564525757224,0.18898679466271562,5.044778394374502,12.85
14.75,13.75,2.247223,-2.3025850929940455,0.25,59.2037,230.5817,4.382276603429089,-1.2019219088505353,0.05523610627899569,5.415934166165753,14.56
15.25,13.75,2.197696,-0.6161861394238168,0.1666667,87.60802,224.9731,1.9933388426264242,-1.103859330346405,-2.3025850929940455,5.423026141586691,86.33
3.25,14.25,0.4977946,-1.5606477482646683,0.0,60.37037,146.9312,-0.6733445532637655,-0.4407389285002239,-2.3025850929940455,7.115448892288903,60.14
3.75,14.25,0.6773217,-2.3025850929940455,0.08333334,62.05864,194.2936,1.6428726885203377,-2.3025850929940455,-2.3025850929940455,5.1867912156992455,70.14
4.25,14.25,0.8382743,-2.3025850929940455,0.08333334,47.23766,244.4433,-2.0402208285265546,-2.3025850929940455,-2.3025850929940455,5.378403150216866,71.48
4.75,14.25,0.9237131,-2.3025850929940455,0.25,52.78392,295.9667,2.2502386126218363,-2.3025850929940455,-0.8620781527477918,4.497260869339372,75.87
5.25,14.25,0.9042901,-2.0402208285265546,0.25,40.94753,348.2544,3.0209125720842893,-0.090842524654565,-1.7482743806925716,6.738638987613444,45.18
5.75,14.25,1.109928,-1.897119984885881,0.08333334,23.88272,401.0073,2.888703700795468,-0.012159730780668484,-2.3025850929940455,7.076087776895975,5.72
6.25,14.25,1.230519,-2.3025850929940455,0.25,76.97531,454.0632,3.2588654730843594,0.3497430739455356,-2.1069776852752433,7.108128748458839,49.75
6.75,14.25,1.335905,-2.3025850929940455,0.4166667,93.11729,507.3268,3.2216719121702018,-1.1159845157809356,-2.3025850929940455,6.000018854468693,52.32
7.25,14.25,1.531484,-2.3025850929940455,0.3333333,84.55864,560.7387,3.0204248861443626,-2.3025850929940455,-2.3025850929940455,6.894383169516178,51.85
7.75,14.25,1.725844,-2.3025850929940455,0.4166667,79.3858,614.2601,2.7781979610042917,-2.3025850929940455,-2.3025850929940455,6.674978981379442,52.87
8.25,14.25,1.693437,-2.3025850929940455,0.1666667,66.09259,667.8643,1.6524974018945473,-2.3025850929940455,-2.3025850929940455,5.805816363220677,52.17
8.75,14.25,1.750727,-2.3025850929940455,0.1666667,69.99383,721.5328,2.3749057545736716,0.20895861917935202,-2.3025850929940455,4.950420213406404,54.5
9.25,14.25,1.848253,-2.3025850929940455,0.1666667,82.05556,775.252,2.1552445050953364,-2.3025850929940455,-2.3025850929940455,6.154842594957879,69.25
9.75,14.25,1.815017,-2.3025850929940455,0.1666667,67.04321,829.0117,2.425687290128029,-2.3025850929940455,-2.3025850929940455,6.131334309757282,71.33
10.25,14.25,1.829984,-2.3025850929940455,0.1666667,72.85185,882.8045,2.7479117345273405,-1.3323885423479815,-2.3025850929940455,3.9163279259467787,61.63
10.75,14.25,2.016249,-2.3025850929940455,0.1666667,83.94136,936.6243,2.725890119230541,-2.3025850929940455,-2.3025850929940455,4.868341816755374,73.13
11.25,14.25,2.083792,-2.3025850929940455,0.1666667,80.79939,990.4666,1.0367368849500223,-2.3025850929940455,-2.3025850929940455,4.722721194728312,72.3
11.75,14.25,2.005559,-2.3025850929940455,0.1666667,61.946,1044.328,-2.3025850929940455,-2.3025850929940455,-2.3025850929940455,4.438760875231728,73.82
12.25,14.25,1.912834,-2.3025850929940455,0.1666667,30.91975,1098.204,-1.4696759700589417,-2.3025850929940455,-2.3025850929940455,3.8810535647038105,80.86
12.75,14.25,1.836265,-2.3025850929940455,0.1666667,30.19753,1152.094,2.248128907197987,-2.3025850929940455,-2.3025850929940455,3.254222891283865,83.64
13.25,14.25,1.821131,-2.0402208285265546,0.1666667,5.768518,1205.996,-2.3025850929940455,-0.10949516265348466,-2.3025850929940455,3.925014449978188,33.37
13.75,14.25,1.947217,-2.120263536200091,0.1666667,21.72531,322.2773,-0.8915981192837834,-2.3025850929940455,-2.3025850929940455,5.108698650127317,54.11
14.25,14.25,2.100198,-2.2072749131897207,0.25,84.51852,299.24,-0.4155154439616658,-2.3025850929940455,-2.3025850929940455,5.33060496650404,82.52
14.75,14.25,2.169492,-2.2072749131897207,0.25,86.28395,284.7992,2.3389170222414357,-2.3025850929940455,-2.3025850929940455,3.5839419045488947,81.89
15.25,14.25,2.070346,-1.5141277326297755,0.25,79.35493,280.2869,0.7371640659767196,-0.592963441316953,-2.2721876134144647,-1.87784664796594,82.52
3.25,14.75,0.5062156,-2.3025850929940455,0.08333334,51.84568,183.2851,-0.7133498878774648,-2.3025850929940455,-2.3025850929940455,5.6400020660786705,52.99
3.75,14.75,0.6782511,-2.3025850929940455,0.08333334,31.75,222.9781,-0.4004775665971254,-2.3025850929940455,-2.2140316980254817,4.660682467918258,67.48
4.25,14.75,0.8374857,-2.3025850929940455,0.08333334,43.94753,267.7192,0.4252677354043441,-2.3025850929940455,-2.242686946761814,5.480319288931022,86.58
4.75,14.75,0.9330427,-2.3025850929940455,0.08333334,52.83609,315.3669,2.033397603178429,-0.904954727846284,-2.0586644089761728,5.207221294903914,74.9
5.25,14.75,1.042207,-1.07880966137193,0.08333334,43.12346,364.7839,2.9770590082883697,0.943782155842711,-2.1590728006766557,7.368360506283918,58.58
5.75,14.75,1.269678,-2.3025850929940455,0.08333334,30.52778,415.3389,3.571783682237689,-0.13112628721067826,-2.3025850929940455,7.888549031363723,32.68
6.25,14.75,1.207665,-2.3025850929940455,0.08333334,74.86729,466.6621,1.5325568680981427,0.1275256441666825,-2.3025850929940455,7.053478547725011,57.21
6.75,14.75,1.210382,-2.3025850929940455,0.4166667,87.71914,518.5251,3.072230244526716,-0.39881611175702925,-2.3025850929940455,6.203637136902696,53.59
7.25,14.75,1.372067,-2.3025850929940455,0.3333333,84.53086,570.7807,3.12982600803469,-2.3025850929940455,-2.3025850929940455,5.991677774373432,57.42
7.75,14.75,1.488811,-2.3025850929940455,0.4166667,56.65741,623.3299,3.3407394126250414,-2.3025850929940455,-2.3025850929940455,5.322679192727298,55.14
8.25,14.75,1.563902,-2.3025850929940455,0.08333334,32.58642,676.1041,-2.3025850929940455,-2.3025850929940455,-2.3025850929940455,5.5271892794256985,62.52
8.75,14.75,1.564073,-2.3025850929940455,0.0,31.12346,729.0541,-2.3025850929940455,-0.325376601483416,-2.3025850929940455,5.7976962253616415,60.37
9.25,14.75,1.682547,-2.3025850929940455,0.1666667,31.66049,782.1441,-2.3025850929940455,-2.3025850929940455,-2.3025850929940455,4.42749223096767,56.25
9.75,14.75,1.76632,-2.3025850929940455,0.1666667,60.58642,835.3471,-2.3025850929940455,-2.3025850929940455,-2.3025850929940455,4.618407189020086,61.45
10.25,14.75,1.845744,-2.3025850929940455,0.1666667,56.21605,888.6426,-2.3025850929940455,-2.3025850929940455,-2.3025850929940455,4.964673027652266,67.11
10.75,14.75,1.959326,-2.3025850929940455,0.1666667,49.58333,942.0148,-2.3025850929940455,-2.3025850929940455,-2.3025850929940455,3.443157927786479,76.07
11.25,14.75,2.121589,-2.3025850929940455,0.4166667,30.37654,995.4509,-2.3025850929940455,-2.3025850929940455,-2.3025850929940455,-2.2012118760569077,64.16
11.75,14.75,2.071138,-2.3025850929940455,0.1666667,7.64432,1048.941,-2.3025850929940455,-2.3025850929940455,-2.3025850929940455,0.8011465114802582,76.99
12.25,14.75,1.95488,-2.3025850929940455,0.1666667,4.675926,1102.477,-2.3025850929940455,-2.3025850929940455,-2.3025850929940455,-0.5217701303147515,70.48
12.75,14.75,1.870274,-2.3025850929940455,0.1666667,2.916667,1156.053,-2.3025850929940455,-2.3025850929940455,-2.3025850929940455,0.11589859454535345,65.44
13.25,14.75,1.857872,-2.3025850929940455,0.1666667,1.743827,1209.662,-2.3025850929940455,-2.3025850929940455,-2.3025850929940455,3.063925825670313,64.06
13.75,14.75,2.000447,-2.3025850929940455,0.1666667,11.83642,371.3212,-2.3025850929940455,-2.3025850929940455,-2.3025850929940455,3.812518421396234,49.96
14.25,14.75,2.115555,-2.3025850929940455,0.25,17.62037,351.5558,-0.544727175441672,-2.3025850929940455,-2.3025850929940455,-1.8660280542793377,58.83
14.75,14.75,2.08874,-2.120263536200091,0.1666667,18.68518,339.3747,-0.4780358009429998,-2.3025850929940455,-2.3025850929940455,-1.8660280542793377,67.18
15.25,14.75,2.051787,-2.3025850929940455,0.08333334,12.1821,335.605,-0.4462871026284195,-2.3025850929940455,-2.3025850929940455,-1.8660280542793377,65.6
3.25,15.25,0.6177372,-2.3025850929940455,0.3333333,41.35185,227.4188,-0.5108256237659907,-2.3025850929940455,-2.3025850929940455,5.726043841479365,64.58
3.75,15.25,0.7602887,-2.3025850929940455,0.3333333,60.80864,260.4014,0.4510756193602167,-2.3025850929940455,-2.3025850929940455,5.201694675777911,64.44
4.25,15.25,0.8795792,-2.3025850929940455,0.08333334,58.24691,299.5228,0.17395330712343815,-2.3025850929940455,-2.3025850929940455,5.308604274416172,67.28
4.75,15.25,0.8147401,-2.3025850929940455,0.08333334,43.13076,342.6867,0.4510756193602167,-2.3025850929940455,-2.3025850929940455,5.432481059228739,73.56
5.25,15.25,0.7343483,-2.3025850929940455,0.08333334,25.20062,388.5481,3.2976870052924903,-0.5950191564288189,-1.4062452634082636,5.6397700373344914,55.38
5.75,15.25,0.7076606,-2.3025850929940455,0.1666667,70.16975,436.257,3.234355395716587,-1.0190914710016288,-0.7944008077077469,5.91490175665952,63.89
6.25,15.25,0.899561,-2.3025850929940455,0.08333334,83.21914,485.2684,3.197039130259026,-0.38902017037125175,-2.3025850929940455,4.030885458304094,66.12
6.75,15.25,1.015971,-2.3025850929940455,0.4166667,66.87037,535.2246,3.1523085805960878,-2.3025850929940455,-2.3025850929940455,4.114930379476969,63.81
7.25,15.25,1.177634,-2.3025850929940455,0.4166667,62.25309,585.8837,2.782539053092949,-2.3025850929940455,-2.3025850929940455,4.185770389505855,74.3
7.75,15.25,1.323621,-2.3025850929940455,0.4166667,34.96605,637.0778,2.8853592160726205,-2.3025850929940455,-2.3025850929940455,0.3446253381490276,73.95
8.25,15.25,1.413056,-2.3025850929940455,0.1666667,26.19753,688.6874,-2.3025850929940455,-2.3025850929940455,-2.3025850929940455,5.418051386684798,79.06
8.75,15.25,1.376265,-2.3025850929940455,0.0,6.549383,740.6254,-1.7147984280919266,-2.3025850929940455,-2.3025850929940455,5.399386386898452,70.36
9.25,15.25,1.560691,-2.3025850929940455,0.1666667,9.577161,792.8271,-2.2072749131897207,-2.3025850929940455,-2.3025850929940455,5.282394772179221,54.66
9.75,15.25,1.725965,-2.3025850929940455,0.1666667,7.595679,845.2435,-2.3025850929940455,-2.3025850929940455,-2.3025850929940455,4.375815510515817,17.02
10.25,15.25,1.843142,-2.3025850929940455,0.1666667,7.675926,897.8365,-2.3025850929940455,-2.3025850929940455,-2.3025850929940455,-2.1980335644780933,23.46
10.75,15.25,1.879492,-2.3025850929940455,0.4166667,2.083333,950.5768,-2.3025850929940455,-2.3025850929940455,-2.3025850929940455,-0.6442046470469304,49.08
11.25,15.25,2.02766,-2.3025850929940455,0.4166667,0.9660494,1003.441,-2.3025850929940455,-2.3025850929940455,-2.3025850929940455,0.5792492132426832,15.52
11.75,15.25,2.099555,-2.3025850929940455,0.4166667,0.09000621,1056.41,-2.3025850929940455,-2.3025850929940455,-2.3025850929940455,1.6980383595161466,27.92
12.25,15.25,2.005654,-2.3025850929940455,0.4166667,0.0,1109.469,-2.3025850929940455,-2.3025850929940455,-2.3025850929940455,-0.12812534594845498,11.45
12.75,15.25,1.901466,-2.3025850929940455,0.4166667,0.0,1162.604,-2.3025850929940455,-2.3025850929940455,-2.3025850929940455,-0.7459742822076325,3.8
13.25,15.25,1.894849,-2.3025850929940455,0.25,0.0,1215.807,-2.3025850929940455,-1.0248379864617279,-2.3025850929940455,-1.2183560828557374,4.28
13.75,15.25,2.035011,-2.3025850929940455,0.25,0.0,1269.068,-2.3025850929940455,-2.3025850929940455,-2.3025850929940455,2.9082493308492703,3.74
14.25,15.25,2.087367,-2.3025850929940455,0.25,0.0,404.6736,-1.83258146374831,-2.3025850929940455,-2.3025850929940455,3.238244240260976,8.18
14.75,15.25,2.007081,-2.3025850929940455,0.25,0.0,394.1606,-1.7719568419318752,-2.3025850929940455,-2.3025850929940455,-1.8544161142058533,9.88
15.25,15.25,2.009041,-2.3025850929940455,0.08333334,0.0,390.9265,-1.83258146374831,-2.3025850929940455,-2.3025850929940455,-1.8544161142058533,7.03
3.25,15.75,0.4661456,-2.3025850929940455,0.5,45.29938,1261.551,-1.5606477482646683,-2.3025850929940455,-2.3025850929940455,1.706263307356351,70.45
3.75,15.75,0.4394081,-2.3025850929940455,0.5,66.89198,1313.546,2.712706012638404,-2.3025850929940455,-2.3025850929940455,5.349624360841743,68.17
4.25,15.75,0.4361358,-2.3025850929940455,0.1666667,65.31173,337.4526,2.5095992623783716,-2.3025850929940455,-2.3025850929940455,1.8838734861350515,67.72
4.75,15.75,0.455882,-2.3025850929940455,0.08333334,63.19828,376.2057,2.6525374911719513,-2.3025850929940455,-2.3025850929940455,2.4174465316057425,64.67
5.25,15.75,0.4815032,-2.3025850929940455,0.1666667,68.28395,418.3168,3.0851158346886765,-2.3025850929940455,-2.3025850929940455,1.654164019977606,63.81
5.75,15.75,0.5183122,-2.3025850929940455,0.1666667,90.59876,462.8702,3.2398542312533922,-0.6616946385953278,-2.3025850929940455,1.223283251697916,58.56
6.25,15.75,0.5512069,-2.3025850929940455,0.1666667,70.45061,509.225,-2.3025850929940455,-2.3025850929940455,-2.3025850929940455,-2.0948619067289203,78.23
6.75,15.75,0.7204868,-2.3025850929940455,0.4166667,35.78704,556.9313,-0.527632742082372,-2.3025850929940455,-2.3025850929940455,-1.1908312013657274,89.73
7.25,15.75,0.8949944,-2.3025850929940455,0.4166667,43.29321,605.6698,-2.3025850929940455,-2.3025850929940455,-2.3025850929940455,-0.01670881806326364,96.56
7.75,15.75,1.068043,-2.3025850929940455,0.4166667,31.98765,655.2099,-2.2072749131897207,-1.0624613786966806,-2.3025850929940455,1.3151715443376484,79.07
8.25,15.75,1.182054,-2.3025850929940455,0.1666667,29.91049,705.3824,-2.3025850929940455,-2.3025850929940455,-2.3025850929940455,1.9565022823957599,62.16
8.75,15.75,1.230183,-2.3025850929940455,0.1666667,14.19136,756.0614,-2.3025850929940455,-2.3025850929940455,-2.3025850929940455,2.1020242470537704,51.23
9.25,15.75,1.451096,-2.3025850929940455,0.1666667,3.200617,807.1512,-2.3025850929940455,-2.3025850929940455,-2.3025850929940455,1.6653453552470827,20.89
9.75,15.75,1.592826,-2.3025850929940455,0.4166667,0.0,858.5781,-2.3025850929940455,-2.3025850929940455,-2.3025850929940455,0.2713682222891668,2.12
10.25,15.75,1.735188,-2.3025850929940455,0.4166667,0.0,910.285,-1.0498221244986778,-2.3025850929940455,-2.3025850929940455,0.3328936984271939,0.16
10.75,15.75,1.815315,-2.3025850929940455,0.4166667,0.0,962.2263,-0.9675840262617056,-2.3025850929940455,-2.3025850929940455,0.4332825893045974,0.07
11.25,15.75,1.889848,-2.3025850929940455,0.4166667,1.506173,1014.366,-1.0498221244986778,-2.3025850929940455,-2.3025850929940455,1.659251362391811,0.0
11.75,15.75,2.018742,-2.3025850929940455,0.4166667,0.03414029,1066.674,-1.0498221244986778,-2.3025850929940455,-2.3025850929940455,0.07124454789321005,0.0
12.25,15.75,2.006038,-2.3025850929940455,0.5,0.0,1119.128,-1.0498221244986778,-1.703989280209107,-2.3025850929940455,-2.283071409398861,0.0
12.75,15.75,1.921279,-2.3025850929940455,0.25,0.0,1171.707,-1.0498221244986778,0.0961616353949289,-2.3025850929940455,-1.1738287364925115,0.0
13.25,15.75,1.914992,-2.3025850929940455,0.25,0.0,1224.394,-1.0498221244986778,-2.3025850929940455,-2.3025850929940455,-0.4174565691509839,0.0
13.75,15.75,2.001856,-2.3025850929940455,0.25,0.0,1277.177,-1.0498221244986778,-2.3025850929940455,-2.3025850929940455,-0.64707117257277,0.0
14.25,15.75,1.985851,-2.3025850929940455,0.25,0.0,1330.044,-1.203972804325936,-2.3025850929940455,-2.3025850929940455,3.450979751845059,0.0
14.75,15.75,1.953397,-2.3025850929940455,0.1666667,0.0,449.0808,-2.3025850929940455,-2.3025850929940455,-2.3025850929940455,2.7530101823341466,0.1
15.25,15.75,1.943336,-2.3025850929940455,0.08333334,0.0,446.2513,-2.3025850929940455,-2.3025850929940455,-2.3025850929940455,-1.842882778063968,0.11
3.25,16.25,0.61976,-2.3025850929940455,0.4166667,33.27778,1276.364,-2.3025850929940455,-2.3025850929940455,-2.3025850929940455,0.9280631640682075,23.89
3.75,16.25,0.420399,-2.3025850929940455,0.4166667,22.77778,1327.662,2.5281257689079766,-2.3025850929940455,-2.3025850929940455,0.19535376743660265,26.57
4.25,16.25,0.245484,-2.3025850929940455,0.08333334,62.48148,379.6783,2.1587147225743437,-2.3025850929940455,-2.3025850929940455,2.1875538551666773,84.84
4.75,16.25,0.2611578,-2.3025850929940455,0.08333334,59.22959,414.4235,2.47232786758114,-1.0624613786966806,-2.3025850929940455,1.7201282990612512,83.88
5.25,16.25,0.2944669,-2.3025850929940455,0.08333334,81.61111,452.9085,-2.3025850929940455,-2.3025850929940455,-2.3025850929940455,-2.0890727330634222,77.62
5.75,16.25,0.3230015,-2.3025850929940455,0.08333334,91.75,494.2603,-2.3025850929940455,-2.3025850929940455,-2.3025850929940455,-2.0890727330634222,65.43
6.25,16.25,0.3712956,-2.3025850929940455,0.1666667,62.08951,537.818,-2.3025850929940455,-2.3025850929940455,-2.3025850929940455,-1.3664772241250556,55.02
6.75,16.25,0.4167278,-2.3025850929940455,0.1666667,31.33333,583.0871,-2.3025850929940455,-2.3025850929940455,-2.3025850929940455,-1.433080774140178,35.17
7.25,16.25,0.5300759,-2.3025850929940455,0.4166667,43.47222,629.6984,0.6729444732424259,-2.3025850929940455,-2.3025850929940455,1.826473568475306,27.2
7.75,16.25,0.7439533,-2.3025850929940455,0.4166667,17.56482,677.3748,-2.3025850929940455,-2.3025850929940455,-2.3025850929940455,1.2617756604683301,18.7
8.25,16.25,0.9031755,-2.3025850929940455,0.1666667,1.746914,725.9062,-2.120263536200091,-2.3025850929940455,-2.3025850929940455,1.9230502702675911,2.06
8.75,16.25,1.063113,-2.3025850929940455,0.1666667,0.4506173,775.1318,0.5822156198526636,-2.3025850929940455,-2.3025850929940455,-1.9692983532563328,2.03
9.25,16.25,1.287987,-2.3025850929940455,0.1666667,0.1234568,824.927,-1.0498221244986778,-2.3025850929940455,-2.3025850929940455,0.8597254597379402,0.0
9.75,16.25,1.477103,-2.3025850929940455,0.4166667,0.0,875.1945,-1.0498221244986778,-2.3025850929940455,-2.3025850929940455,2.1123088211804,0.0
10.25,16.25,1.615882,-2.3025850929940455,0.4166667,0.0,925.8571,-1.0498221244986778,-2.3025850929940455,-2.3025850929940455,0.7922709883231742,0.0
10.75,16.25,1.727882,-2.3025850929940455,0.4166667,0.00308642,976.853,-1.9661128563728325,-2.3025850929940455,-2.3025850929940455,-2.1916969727302864,0.3
11.25,16.25,1.762081,-2.3025850929940455,0.4166667,2.638889,1028.133,-1.0498221244986778,-2.3025850929940455,-2.3025850929940455,-2.1916969727302864,0.0
11.75,16.25,1.853371,-2.3025850929940455,0.25,0.01241465,1079.655,-1.0498221244986778,-2.3025850929940455,-2.3025850929940455,-1.2972503180630477,0.0
12.25,16.25,1.919512,-2.3025850929940455,0.25,0.0,1131.387,-1.0498221244986778,-2.3025850929940455,-2.3025850929940455,-2.282473523229427,0.0
12.75,16.25,1.89061,-2.3025850929940455,0.25,0.0,1183.3,-1.0498221244986778,-1.703989280209107,-2.3025850929940455,-2.282473523229427,0.0
13.25,16.25,1.899062,-2.3025850929940455,0.25,0.0,1235.372,-1.0498221244986778,-2.3025850929940455,-2.3025850929940455,-2.282473523229427,0.0
13.75,16.25,1.838275,-2.3025850929940455,0.25,0.0,1287.584,-1.0498221244986778,-2.3025850929940455,-2.3025850929940455,-2.282473523229427,0.0
14.25,16.25,1.772184,-2.3025850929940455,0.25,0.0,1339.918,-1.0498221244986778,-2.3025850929940455,-2.3025850929940455,-2.282473523229427,0.0
14.75,16.25,1.77385,-2.3025850929940455,0.1666667,0.0,1392.36,-1.2378743560016172,-2.3025850929940455,-2.3025850929940455,3.5140917464751897,0.0
15.25,16.25,1.701104,-2.3025850929940455,0.1666667,0.0,501.579,-2.3025850929940455,-2.3025850929940455,-2.3025850929940455,2.5581795710027624,0.08
