X,Y,T
-87.62894887,41.772726181,1.0902777777773736
-87.573683802,41.758191541,1.395833333332121
-87.761055094,41.880294849,2.108333333333576
-87.648221547,41.771967298,2.82291666666788
-87.700593313,41.774902198,3.007638888888323
-87.62336797,41.768191186,3.49930555555693
-87.634230363,41.779921044,3.695138888888323
-87.643501482,41.732110965,3.8159722222226256
-87.666436575,42.02059812,3.9166666666678793
-87.634650776,41.892380796,4.083333333332121
-87.632760705,41.734375902,4.833333333332121
-87.736195245,41.875132577,4.834722222221899
-87.683550056,41.764694328,5.034722222222626
-87.661234539,41.854871914,5.107638888890506
-87.623538056,41.809276937,5.853472222221171
-87.718962448,41.901682805,5.861111111109494
-87.631889929,41.733928755,5.861805555556202
-87.64939219,41.770127362,5.888888888890506
-87.684844259,41.762846492,6.032638888889778
-87.582970104,41.764265318,6.951388888890506
-87.705343247,41.844514992,7.084027777778829
-87.652393879,41.734123447,7.573611111110949
-87.635289899,41.880905526,8.240972222221899
-87.589615379,41.660389388,8.840277777777374
-87.765439838,41.887731576,9.0
-87.665480953,41.826688398,9.089583333334303
-87.707263095,41.883609157,9.461111111111675
-87.673125651,41.750005014,9.492361111111675
-87.706900549,41.915075363,9.940277777779556
-87.67544494,41.83754734,10.02083333333212
-87.582970104,41.764265318,10.534722222222626
-87.713860671,41.975686228,10.61458333333212
-87.657274619,41.793075127,10.945833333335033
-87.615617777,41.780110888,11.484027777776646
-87.662074097,41.777683108,11.575000000000728
-87.725989989,41.844233595,11.576388888890506
-87.769757711,41.962587992,11.71875
-87.71989074,41.892582378,12.654861111110222
-87.713673751,41.95930505,12.70763888888905
-87.713907172,41.896441593,12.80208333333212
-87.62251313,41.750987376,12.805555555554747
-87.629061998,41.786511445,12.931250000001455
-87.724060818,41.876196728,13.309027777777374
-87.741528537,41.754592961,13.559027777777374
-87.716739169,41.899105026,13.888194444443798
-87.698603085,41.764443672,14.0625
-87.625483421,41.852121445,14.454861111109494
-87.660880913,41.791526562,14.54166666666788
-87.628024599,41.75904568,14.559722222220444
-87.769852743,41.882885017,14.56319444444307
-87.615558249,41.777558327,14.60486111111095
-87.684259124,41.80234179,14.608333333333576
-87.627143362,41.864052699,14.892361111109494
-87.691072689,41.848321955,15.04305555555402
-87.700813415,41.867338834,15.048611111109494
-87.633806535,41.778098999,15.11458333333212
-87.706984443,41.800777468,15.536805555555476
-87.574306606,41.728968826,15.628472222222626
-87.756476115,41.953309701,15.654861111110222
-87.604235047,41.803288777,15.7097222222219
-87.720184345,41.901821059,16.274305555554747
-87.735020556,41.86762093,16.536805555555475
-87.562204619,41.753600701,16.64583333333212
-87.764614167,41.873578134,16.64583333333212
-87.804191054,41.916819028,16.903472222220444
-87.66656205,41.77480578,17.504861111112405
-87.638102391,41.671834945,17.6784722222219
-87.76333723,41.884642113,18.7368055555562
-87.7268527,41.922646785,18.75208333333285
-87.7313416,41.844160231,18.76041666666788
-87.565661157,41.753552496,18.77152777777883
-87.652713593,41.936295389,18.779861111110225
-87.601209921,41.751328369,18.805555555554747
-87.733947821,41.875162033,18.90000000000145
-87.76586253,41.90802185,19.9506944444438
-87.680066907,41.775624325,20.0625
-87.621829238,41.673478011,20.131249999998545
-87.671011864,41.830441653,20.161805555555475
-87.727867786,41.895336025,20.71875
-87.64280025,41.797198765,20.94861111111095
-87.717958014,41.935505551,21.034722222222623
-87.67423383,41.772070077,21.04236111111095
-87.66712436,41.786713782,21.526388888887595
-87.60960449,41.781453541,21.7590277777781
-87.631409068,41.82680083,21.777777777777374
-87.640773687,41.76639563,21.777777777777374
-87.687136928,41.772895314,21.912499999998545
-87.6326561,41.781396114,21.96875
-87.606938998,41.659158194,22.0
-87.603919197,41.704277888,22.00138888888977
-87.65704844,41.755970933,22.67916666666497
-87.731475157,41.851446953,22.76180555555402
-87.758567201,41.902217176,24.368055555554747
-87.58568584,41.756719742,24.934027777777374
-87.675555021,41.795244957,24.934722222220444
-87.682062473,41.769707973,25.4868055555562
-87.626365331,41.750934303,25.76736111110949
-87.641595483,41.706237037,25.83333333333212
-87.621470731,41.887936511,25.86736111111168
-87.690276967,41.798750435,25.89583333333212
-87.704977986,41.990409975,25.901388888887595
-87.718424566,41.870826375,26.41805555555402
-87.684428318,41.853885643,26.42916666666497
-87.74513447,41.876512415,26.774305555554747
-87.618538224,41.768043233,26.92708333333212
-87.640744099,41.679095953,27.10208333333503
-87.690148865,42.008082757,28.006944444445253
-87.722139232,41.899054311,28.055555555554747
-87.616779421,41.684569436,28.22916666666788
-87.733698124,41.875163473,28.85208333333503
-87.680659301,41.84912495,28.95902777777883
-87.684359414,41.806214539,28.97916666666788
-87.701684616,41.921278934,29.231250000000728
-87.643197225,41.766341606,29.65902777777956
-87.631858359,41.903892302,29.683333333334303
-87.696441701,41.850972623,29.686111111110225
-87.620156406,41.831072943,30.08333333333212
-87.652102257,41.692012821,30.91666666666788
-87.686356407,41.878180416,30.952083333333576
-87.580118041,41.764293308,30.998611111110225
-87.624928762,41.891728478,31.03333333333285
-87.727257279,41.971893895,31.411805555555475
-87.66588249,41.797206215,31.506944444445253
-87.623279803,41.764551704,31.536805555555475
-87.670231483,41.812193222,31.652777777777374
-87.715238317,41.860084722,31.8569444444438
-87.618770371,41.863967977,31.88541666666788
-87.568514567,41.741639304,33.0625
-87.603897346,41.798462192,33.609722222223354
-87.622972448,41.814322906,34.0625
-87.550303187,41.744085305,35.48125000000073
-87.65586119,41.76048106,35.58263888888905
-87.605784552,41.789516823,35.597222222222626
-87.652559017,41.751789544,35.99236111111168
-87.694081018,41.849189459,36.04166666666788
-87.630103892,41.890034161,36.08333333333212
-87.617335446,41.756542625,36.12291666666715
-87.737838915,41.915207048,36.139583333333576
-87.624550742,41.887384761,36.19097222222263
-87.67655155,41.909793282,36.2138888888876
-87.691212288,41.853814001,36.390277777776646
-87.704022274,41.763905412,36.4951388888876
-87.64290984,41.671345244,36.525694444444525
-87.621311153,41.710841614,36.54236111111095
-87.633067324,41.797178266,36.5666666666657
-87.71669758,41.871730951,36.6472222222219
-87.653072946,41.771488432,36.75694444444525
-87.712377599,41.845392983,36.963194444444525
-87.665701386,41.810413388,37.75277777777956
-87.804668772,41.979987694,38.1027777777781
-87.71035724,41.844443504,38.34722222222263
-87.623641387,41.670119165,38.76111111111095
-87.60501807,41.743503863,38.795833333333576
-87.764894125,41.881348498,38.96944444444307
-87.711200824,41.786123922,39.54861111110949
-87.673355388,41.890883635,39.67777777777883
-87.713383777,41.969116773,40.28472222222263
-87.712613898,41.739582689,40.6472222222219
-87.642013367,41.739690044,42.9645833333343
-87.623779006,41.851907852,42.9777777777781
-87.66368964,41.80634289,43.19861111111095
-87.669787176,42.021147165,43.93055555555475
-87.605109507,41.654912091,43.95347222222336
-87.676802086,41.796303152,44.91875000000073
-87.733771557,41.875163857,45.05138888888905
-87.674108359,41.855860367,45.5270833333343
-87.696916542,41.873788251,45.629861111112405
-87.70965235,41.747634931,45.6743055555562
-87.683673325,41.903077492,45.78888888888832
-87.665506908,41.828074405,45.88055555555548
-87.696044383,41.813703237,45.952083333333576
-87.572174872,41.768022593,46.14513888888905
-87.689000876,41.885061387,47.41666666666788
-87.65459186,41.737281434,47.577083333333576
-87.686392673,41.879681723,47.5979166666657
-87.662085202,41.791733938,47.77847222222045
-87.691713613,41.820537076,48.32430555555402
-87.722869688,41.818440109,48.70833333333212
-87.716630608,41.968368626,48.934027777777374
-87.738625234,41.938940456,48.94861111111095
-87.723154487,41.837901263,49.11041666666642
-87.630138783,41.779577735,49.55486111111168
-87.615865589,41.654776654,49.98125000000073
-87.641315114,41.774340884,49.99722222222045
-87.734772511,41.953569071,50.04861111110949
-87.557914035,41.760218508,50.493750000001455
-87.630660891,41.733410803,50.72013888888978
-87.661250942,41.805949937,50.8166666666657
-87.696317861,41.88231131,50.9104166666657
-87.637005681,41.675105049,50.93611111111022
-87.665649186,41.801310307,51.02847222222045
-87.661343886,41.899809586,51.11805555555475
-87.664107154,41.775378785,51.5
-87.65394156,41.758304471,51.54097222222117
-87.658244449,41.973267845,51.6826388888876
-87.69016495,41.899346198,51.7722222222219
-87.690431801,41.848181157,51.97430555555548
-87.669518985,41.796642753,52.03888888888832
-87.551073137,41.722308987,52.08333333333212
-87.715343219,41.863677518,52.17291666666642
-87.738744893,41.874188061,52.35486111111095
-87.761795863,41.910068092,52.5
-87.636949156,41.739393264,53.12847222222263
-87.54956291,41.667505513,53.25347222222263
-87.706615086,41.897307626,53.28472222222263
-87.604380182,41.657284072,53.55138888888905
-87.566205789,41.721346217,53.587500000001455
-87.719887635,41.906339233,54.00624999999855
-87.633281042,41.805846006,54.5
-87.712389042,41.845727845,54.8708333333343
-87.656677258,41.770022308,56.45833333333212
-87.604646278,41.777994582,56.46736111111022
-87.667906709,41.875155116,57.125
-87.728247489,41.976062077,57.14236111110949
-87.679234277,41.84849664,57.16736111111095
-87.720184345,41.901821059,57.42986111111168
-87.770405044,41.899032124,57.75
-87.670736724,41.751388115,57.76250000000073
-87.669070266,41.826237197,57.7763888888876
-87.602738891,41.750613606,57.83541666666497
-87.615568353,41.777967289,57.87638888888978
-87.684224438,41.779245661,58.69791666666788
-87.667221463,41.893759857,58.83333333333212
-87.661008365,41.750187225,59.70763888888905
-87.631514463,41.756298051,59.97499999999855
-87.712628352,41.921912158,60.39861111111168
-87.654002826,41.786892157,60.53125
-87.673090871,42.019832544,60.89652777777883
-87.668373369,41.753479344,60.94930555555402
-87.684947566,41.782435869,60.96180555555475
-87.638436541,41.768294293,61.04722222222336
-87.624454789,41.694389603,61.6833333333343
-87.720554136,41.873510659,62.14583333333212
-87.657830751,41.976920686,62.20347222222336
-87.688586043,41.870799948,62.46180555555475
-87.664657669,41.688068854,62.67291666666642
-87.580670487,41.741796417,63.0090277777781
-87.615701737,41.783432002,63.2854166666657
-87.587831537,41.772409096,63.59583333333285
-87.578600363,41.764308047,63.60555555555402
-87.590868599,41.781482173,63.69930555555402
-87.579473797,41.743547671,63.82083333333503
-87.697364283,41.871957572,63.9375
-87.709143704,41.808053339,63.97916666666788
-87.568226646,41.769280696,64.0
-87.725592228,41.837787951,64.0715277777781
-87.671757416,41.789734575,64.2631944444438
-87.604958508,41.792195498,64.27569444444453
-87.66981341,41.807917966,64.59722222222263
-87.716138429,41.848936888,64.6111111111095
-87.616707257,41.682164948,64.66319444444525
-87.621899735,41.792913639,64.91319444444525
-87.71485909,41.807982715,64.91666666666788
-87.773982482,41.885589081,65.05208333333212
-87.613205046,41.749321251,65.0798611111095
-87.700828966,41.846389251,65.48958333333212
-87.656609069,41.68051598,65.73958333333212
-87.630937377,41.779975054,66.85625000000073
-87.579231197,41.760206724,68.51250000000073
-87.659624623,41.789982401,68.84930555555547
-87.550789675,41.6532433,68.98333333333358
-87.743176829,41.808675056,69.72152777777956
-87.687312871,41.823654603,69.84999999999854
-87.759639172,41.91788115,69.91666666666788
-87.773276756,41.865473008,70.05972222222044
-87.728503016,41.845114044,70.68541666666715
-87.698898226,41.975151721,70.94444444444525
-87.70583921,41.871499248,71.0805555555562
-87.729658176,41.939604413,71.14444444444598
-87.674960373,41.864051368,71.14583333333212
-87.662377041,41.750370861,71.46319444444453
-87.656660917,41.76948433,71.58333333333212
-87.552889084,41.751438412,71.63750000000073
-87.720492177,41.876537237,71.70347222222335
-87.710186524,41.894538914,71.7138888888876
-87.631924283,41.858917315,71.875
-87.624141504,41.866937617,72.62222222222044
-87.579316872,41.763846222,72.78055555555693
-87.711222061,41.847609583,72.82430555555402
-87.665362091,41.774916814,72.8305555555562
-87.687740637,42.018455973,73.83333333333212
-87.653967008,41.759366666,73.88541666666788
-87.761574866,41.938118509,74.01944444444598
-87.723832986,41.901714249,74.34305555555693
-87.641882552,41.677044553,74.42222222222335
-87.613432067,41.731951206,74.5979166666657
-87.634069362,41.786303281,74.6298611111124
-87.717661892,41.858475883,74.68958333333285
-87.592912029,41.745350245,74.78472222222263
-87.728859301,41.877045361,74.89027777777665
-87.610859346,41.827403387,74.9152777777781
-87.615568353,41.777967289,74.98055555555402
-87.661661147,41.775095569,75.02291666666497
-87.648439447,41.903630157,75.15972222222263
-87.682331057,41.884776788,75.25694444444525
-87.642147208,41.684809877,75.6340277777781
-87.6284259,41.670052557,75.68402777777737
-87.681580331,41.88348548,75.7013888888905
-87.730750706,41.80151108,75.72986111111095
-87.729403307,41.879715634,75.84375
-87.684566502,41.813317904,75.84722222222263
-87.749071597,41.932021017,75.91458333333503
-87.648778489,41.746473315,75.97430555555547
-87.766605275,41.88301997,75.98749999999927
-87.61141079,41.756063718,76.5763888888905
-87.763965068,41.927655677,76.75972222222117
-87.704660855,41.789351282,76.81805555555547
-87.714908815,41.835222665,76.96041666666497
-87.693834784,41.795021601,77.19444444444525
-87.668812748,41.769859877,77.9465277777781
-87.761253919,41.882293653,78.01458333333358
-87.70507535,41.845638675,78.16875000000073
-87.715697679,41.87490891,78.65694444444307
-87.549900201,41.744680815,78.74930555555693
-87.606845621,41.829329244,78.78263888888978
-87.648736347,41.791811588,78.81527777777956
-87.636904215,41.67195393,78.83124999999927
-87.721499289,41.865650668,79.41388888888832
-87.703852664,41.789876504,79.62777777777956
-87.632227405,41.765885497,79.66666666666788
-87.668708681,41.766091353,79.79583333333358
-87.706338361,41.862500822,79.79722222222335
-87.743997784,41.875938528,79.79722222222335
-87.656457451,41.863375747,79.8298611111095
-87.684354359,41.760538512,79.89444444444598
-87.663426578,41.749880266,79.96666666666715
-87.724352803,41.925479318,80.67222222222335
-87.63809976,41.682963224,80.90486111111022
-87.607561135,41.65622293,81.64444444444598
-87.695896085,41.824588957,81.73333333333358
-87.717632254,41.844342775,81.74236111111168
-87.652531394,41.797388573,81.80138888888905
-87.694447509,41.904175263,82.12777777777956
-87.673007759,41.791171543,82.4104166666657
-87.639289461,41.671386559,82.51180555555402
-87.646091347,41.796030226,82.51180555555402
-87.645128683,41.77974535,82.54305555555402
-87.572429412,41.756407681,82.87430555555693
-87.662147705,41.762886289,82.88472222222117
-87.624485177,41.721627204,84.07430555555402
-87.775282923,41.946695785,84.57291666666788
-87.745442439,41.869351491,84.81527777777956
-87.731475157,41.851446953,85.09583333333285
-87.658315752,41.7686351,85.13611111111095
-87.630011517,41.904814044,85.16666666666788
-87.626923253,41.844023772,85.3569444444438
-87.720002176,41.896290444,85.36875000000146
-87.622704523,41.679424919,85.87430555555693
-87.728079227,41.839845564,85.95694444444598
-87.602332313,41.656513626,86.5486111111095
-87.675145585,41.780420705,86.64930555555475
-87.700919004,41.870780708,86.88541666666788
-87.706988657,41.94663716,86.93680555555693
-87.717378264,41.96290069,87.03194444444307
-87.631189677,41.816321863,87.5979166666657
-87.623925743,41.857561923,87.94374999999854
-87.729944697,41.840497537,88.1076388888905
-87.666949908,41.791520763,88.57847222222335
-87.615701737,41.783432002,89.48958333333212
-87.644347277,41.938465561,89.5715277777781
-87.667662788,41.909618606,89.86458333333212
-87.707670196,41.907371009,90.07291666666788
-87.674496531,41.80084272,90.36805555555476
-87.66099647,41.964052496,90.52569444444453
-87.650875308,41.855280093,90.9777777777781
-87.75706189,41.909484608,90.99166666666495
-87.774281815,41.869786389,91.06527777777956
-87.771551956,41.911921944,91.59375
-87.665933488,41.799006761,91.62777777777956
-87.666430254,41.752134349,91.6743055555562
-87.654671048,41.9399019,92.12847222222264
-87.693898477,41.786399399,92.17708333333212
-87.728552759,41.753235568,92.55277777777884
-87.718467287,41.871732207,92.91458333333505
-87.698657388,41.845529295,92.93125000000146
-87.615652432,41.781277428,93.18194444444453
-87.583298676,41.769728607,93.19444444444524
-87.619926161,41.821406202,93.50833333333505
-87.637828124,41.684051082,93.98541666666642
-87.665668376,41.742546801,94.58333333333212
-87.705271735,41.890082933,94.5847222222219
-87.692793471,41.903905346,94.6430555555562
-87.642476092,41.721470579,94.91666666666788
-87.75046436,41.8884167,95.5895833333343
-87.618368384,41.697123671,95.625
-87.652127129,41.692778638,95.87638888888978
-87.683247485,41.85413967,95.94791666666788
-87.61480986,41.816670632,96.58333333333212
-87.722370768,41.855863796,97.0
-87.64641275,41.808858916,97.7638888888905
-87.716616211,41.846195191,97.8083333333343
-87.735049965,41.903436246,98.0
-87.694400341,41.861359279,98.06805555555547
-87.60907141,41.759421739,98.06874999999854
-87.724984763,41.899566129,98.12847222222264
-87.72778235,41.870546787,98.1513888888876
-87.61896323,41.809347372,98.4958333333343
-87.562012862,41.74451578,98.5534722222219
-87.721907957,41.80422785,98.80625000000146
-87.646959885,41.769959176,98.81597222222264
-87.712388484,41.845785471,98.83333333333212
-87.725344959,41.870879685,99.00972222222116
-87.655724672,41.842720889,99.05069444444598
-87.562214103,41.731064547,99.0895833333343
-87.61215391,41.707340385,99.63263888888832
-87.726521499,41.878857958,99.69444444444524
-87.65545215,41.769743401,99.86666666666495
-87.748267219,41.885702444,99.91597222222116
-87.738471571,41.878717405,100.11388888888904
-87.663606511,41.757601044,100.44305555555547
-87.612527547,41.752228708,100.60625000000071
-87.62705238,41.721681433,100.83194444444598
-87.633674979,41.809081165,100.83750000000146
-87.640802922,41.777309867,100.89097222222335
-87.69694345,41.881068891,100.94791666666788
-87.727240345,41.9682495,101.4861111111095
-87.770862893,41.897505825,101.7673611111095
-87.731973031,41.92442179,101.77152777777884
-87.609211395,41.76522681,101.8486111111124
-87.709972333,41.903722719,101.89444444444598
-87.683866331,41.808187634,102.13333333333505
-87.570315963,41.740517884,102.61388888888904
-87.703873829,41.814319962,102.78819444444524
-87.645552416,41.762390218,102.84097222222044
-87.589664576,41.761611204,102.87361111111022
-87.576319422,41.766889142,103.50347222222264
-87.623201821,41.760986379,103.55625000000146
-87.575714801,41.76624848,103.79236111111096
-87.696176785,41.876920826,104.06041666666717
-87.693898477,41.786399399,104.0625
-87.628058624,41.698662743,104.09513888888978
-87.630675058,41.68704555,104.10555555555402
-87.750834412,41.880427327,104.47916666666788
-87.64452777,41.769774474,104.7013888888905
-87.726715402,41.807831884,104.73541666666642
-87.613790382,41.75433327,104.9194444444438
-87.562624263,41.75313973,105.0
-87.701093557,41.876912324,105.12638888888978
-87.714785472,41.807628306,105.19930555555402
-87.631244076,41.694310531,105.5763888888905
-87.761752861,41.880287347,105.58680555555476
-87.774057081,41.91197808,105.96527777777736
-87.564682143,41.751751179,106.0090277777781
-87.687587734,41.815651098,106.07777777777665
-87.642037691,41.681702629,106.11249999999929
-87.606702419,41.816358925,106.11458333333212
-87.545828233,41.736955209,106.4513888888905
-87.716222946,41.807666225,106.63124999999854
-87.777110584,41.94576613,106.77083333333212
-87.632133928,41.894821547,106.9777777777781
-87.587441769,41.80066446,107.00069444444308
-87.626461055,41.69073279,107.01458333333358
-87.709293543,41.846268154,107.26666666666642
-87.625115462,41.772285481,107.9194444444438
-87.704930694,41.866417413,108.03333333333283
-87.669957153,41.813539078,108.41319444444524
-87.603767011,41.803486138,108.88611111111096
-87.661026263,41.797268458,109.03680555555547
-87.689828615,41.965729784,109.59722222222264
-87.754109149,41.878481751,110.09305555555692
-87.728474675,41.854356573,110.11875000000146
-87.761088963,41.924633704,110.44791666666788
-87.774052255,41.885589421,110.68958333333283
-87.685134416,41.789366258,111.0
-87.699571875,41.782207371,111.00555555555547
-87.718108104,41.963475399,111.53749999999854
-87.669960623,41.813558308,111.55625000000146
-87.602153123,41.753145614,111.67222222222335
-87.7146806,41.840248935,111.7319444444438
-87.799699233,41.922344338,111.8888888888905
-87.729422015,41.871878151,111.89583333333212
-87.716951956,41.8628327,112.00833333333505
-87.615236906,41.778429003,112.06388888888978
-87.660083294,41.807822931,112.16388888888832
-87.671916857,41.735670017,112.17569444444598
-87.627607305,41.74360641,112.19444444444524
-87.665009645,42.007148817,112.56597222222264
-87.731523348,41.878799207,112.65000000000146
-87.717149093,41.883972727,112.7138888888876
-87.576314575,41.766677799,112.75624999999854
-87.686447444,41.846569857,112.80972222222044
-87.674389983,41.796923271,112.84444444444308
-87.712670456,41.895949185,112.91666666666788
-87.631793561,41.890011565,112.91666666666788
-87.647855063,41.838022666,112.92083333333358
-87.711133375,41.885155992,113.00624999999854
-87.67248827,41.771412395,113.0180555555562
-87.693257977,41.907417812,113.06319444444308
-87.614910533,41.704473367,113.0763888888905
-87.618330943,41.75930959,113.10833333333358
-87.726335751,41.903911919,113.11319444444598
-87.630381236,41.787254994,113.45833333333212
-87.597047835,41.765344346,113.49722222222044
-87.765572318,41.880234943,113.7951388888905
-87.658261552,41.991494898,113.95277777777665
-87.633503634,41.794153981,114.82222222222116
-87.701677959,41.812677806,114.9909722222219
-87.670365238,41.804913421,114.9958333333343
-87.725716904,41.88239104,115.87847222222264
-87.631713406,41.776052715,115.9104166666657
-87.626714647,41.758178665,116.01597222222335
-87.692742518,41.779126071,116.02430555555476
-87.736506226,41.87604254,116.59166666666717
-87.550004918,41.653685282,116.7097222222219
-87.716165483,41.784221463,116.8298611111095
-87.719444134,41.86365286,116.90277777777736
-87.677212758,41.979708691,117.05208333333212
-87.661756475,41.778608823,117.2590277777781
-87.636898699,41.671786492,117.42708333333212
-87.627387059,41.71888154,117.5138888888905
-87.704776763,41.967486565,117.52500000000146
-87.556072349,41.753680128,117.97916666666788
-87.685207125,41.779234743,118.32847222222335
-87.665890276,42.011956263,118.42916666666495
-87.690948128,41.822245225,118.77777777777736
-87.630664165,41.7334465,118.8618055555562
-87.653943517,41.758466396,118.97916666666788
-87.66706198,41.749519946,119.07291666666788
-87.722171321,41.754878573,119.1611111111124
-87.735275737,41.874905507,119.1923611111124
-87.738914309,41.89513029,119.30208333333212
-87.713966325,41.898302507,119.50069444444308
-87.670164416,41.874133594,120.02083333333212
-87.633828531,41.778099133,120.04166666666788
-87.718057018,41.961523992,120.09722222222264
-87.724577987,41.909907002,120.13680555555402
-87.685505208,41.847198471,120.60902777777665
-87.712846942,41.861767778,120.62847222222264
-87.626266739,41.885301485,120.70624999999929
-87.72547164,41.874947338,120.72499999999854
-87.551419966,41.73690558,120.97013888888978
-87.673072022,42.021654571,121.15625
-87.725939277,41.890317598,121.46666666666717
-87.669871216,41.764259391,121.85138888888832
-87.716854733,41.902365801,121.88541666666788
-87.68479102,41.877565108,122.0222222222219
-87.72378279,41.900039997,122.05555555555476
-87.633669967,41.875903889,122.06597222222264
-87.583555591,41.761516613,122.62638888888978
-87.706048337,41.969057717,123.0451388888905
-87.634081949,41.791555921,123.625
-87.643906039,41.746010581,123.7013888888905
-87.647768285,41.837901401,123.71041666666495
-87.754272586,41.892102277,123.8125
-87.610398469,41.816187403,123.8569444444438
-87.739236617,41.952266802,124.00347222222264
-87.73040747,41.753204151,124.21666666666717
-87.649524997,41.746916849,124.54999999999929
-87.638148962,41.673289728,124.63333333333505
-87.604405202,41.810927176,124.8611111111095
-87.634212498,41.896870444,124.91180555555547
-87.748169897,41.875841859,125.4423611111124
-87.71583675,41.771477927,126.33402777777884
-87.633772565,41.824046281,126.7319444444438
-87.742435113,41.918803783,126.8576388888905
-87.764273295,41.896685762,126.85972222222335
-87.708576605,41.840361342,126.99930555555692
-87.626296083,41.817312716,127.1111111111095
-87.737112202,41.748266448,127.14583333333212
-87.711268342,41.849272857,127.53333333333283
-87.664317593,41.686969141,127.53819444444524
-87.718280071,41.902741172,127.6472222222219
-87.725055233,41.901816778,127.74652777777736
-87.665169109,41.769844232,127.75
-87.708393062,41.853565739,127.8611111111095
-87.701841928,41.990988256,128.3923611111095
-87.72420104,41.900865488,128.52847222222044
-87.612529058,41.706541396,128.63750000000073
-87.759184328,41.939925999,128.66597222222117
-87.667635014,41.771376143,128.77569444444453
-87.628068782,41.736259984,128.7986111111095
-87.576478539,41.772998982,128.80138888888905
-87.689506425,41.814907192,128.95416666666642
-87.726319729,41.863703127,128.95624999999927
-87.627523622,41.766298528,129.04166666666788
-87.653512545,41.967298725,129.5847222222219
-87.730885744,41.836808691,129.68194444444453
-87.620096954,41.812957649,129.87361111111022
-87.653935938,41.758142524,129.90416666666715
-87.624355667,41.881777074,129.92916666666497
-87.579382212,41.778300831,129.93819444444307
-87.570448042,41.776400433,129.98333333333358
-87.726672071,41.878856009,130.58680555555475
-87.647404454,41.740951805,130.63541666666788
-87.663954978,41.769916749,130.74027777777883
-87.648122217,41.767866727,130.9333333333343
-87.73852205,41.745200125,130.95277777777665
-87.65729799,41.75593947,130.9555555555562
-87.659100723,41.769987159,131.82916666666642
-87.662690918,41.768095397,131.9555555555562
-87.722598187,41.939149955,131.9868055555562
-87.679796587,41.776972981,131.9958333333343
-87.638973706,41.740569104,132.03472222222263
-87.732440134,41.901658074,132.04097222222117
-87.56450286,41.75356945,132.05486111111168
-87.66688431,41.910643177,132.07013888888832
-87.659404423,41.992300173,132.14791666666497
-87.624152861,41.735857166,132.33333333333212
-87.60945163,41.841950095,132.98541666666642
-87.656651085,41.8659016,132.9861111111095
-87.736640093,41.880598691,133.00555555555547
-87.604413259,41.751296595,133.05555555555475
-87.762039798,41.888886505,133.09097222222044
-87.729606078,41.871826978,133.0979166666657
-87.725929549,41.870018339,133.25
-87.627701705,41.879045207,133.9868055555562
-87.631321926,41.824366131,134.02083333333212
-87.705890901,41.859079034,134.06597222222263
-87.563830389,41.75310665,134.06944444444525
-87.56710653,41.758979387,134.0715277777781
-87.722433103,41.765533359,134.0798611111095
-87.722197359,41.847473664,134.09722222222263
-87.703427766,41.872539839,134.10416666666788
-87.663521255,41.781303044,134.11666666666497
-87.698043884,41.947136858,134.15625
-87.664532617,42.014752915,134.19513888888832
-87.571481648,41.768986733,134.50277777777956
-87.708497007,41.969093024,134.6833333333343
-87.615162409,41.82386008,134.9375
-87.662738721,41.769841049,134.96527777777737
-87.603952966,41.750843608,135.0
-87.621436632,41.711750762,135.0534722222219
-87.702346212,41.885442844,135.59027777777737
-87.725189899,41.912399265,135.86041666666642
-87.761734553,41.877809197,135.9326388888876
-87.725281183,41.931809679,135.94097222222263
-87.77348951,41.92983752,135.99791666666715
-87.685569093,41.849597316,136.62638888888978
-87.756614969,41.88893074,136.7326388888905
-87.661223652,41.762219511,137.37638888888978
-87.667585115,41.769465823,137.5180555555562
-87.633301738,41.794509508,138.64583333333212
-87.731779408,41.879686941,138.91319444444525
-87.639071784,41.898919682,138.91666666666788
-87.683800849,41.852051675,138.98958333333212
-87.675868666,41.873219626,139.04166666666788
-87.696642296,41.88107271,139.0625
-87.64941498,41.706857405,139.13541666666788
-87.666059769,41.790368484,139.17083333333358
-87.711395172,41.89413383,139.3972222222219
-87.642264569,41.763416067,139.54166666666788
-87.718904041,41.860247093,139.5986111111124
-87.67280886,41.736578027,139.64027777777665
-87.611406167,41.755822191,139.77083333333212
-87.758349437,41.875712155,140.03125
-87.674289671,41.766614732,140.05555555555475
-87.577517374,41.749769873,140.11458333333212
-87.551481039,41.740026269,140.11875000000146
-87.578765906,41.766446939,140.40763888888978
-87.710047758,41.849104329,140.49930555555693
-87.562648422,41.754490087,140.67499999999927
-87.723916284,41.877109797,140.72430555555547
-87.650461977,41.764656108,140.95833333333212
-87.744007519,41.88447045,141.0625
-87.70173561,41.870999254,141.06805555555547
-87.720502852,41.876572969,141.36805555555475
-87.626365331,41.750934303,141.6069444444438
-87.552892516,41.751457646,141.65277777777737
-87.563867816,41.754882461,141.66388888888832
-87.658588247,41.750323974,141.74791666666715
-87.709665123,41.880930121,141.93888888888978
-87.644613656,41.773054421,142.35208333333503
-87.616684097,41.757438694,142.47222222222263
-87.694551866,41.863470455,142.47916666666788
-87.724006557,41.88074915,142.53819444444525
-87.606595385,41.81089989,142.55208333333212
-87.554055126,41.752596188,142.85625000000073
-87.603940329,41.750341321,142.87430555555693
-87.625066209,41.722421151,143.75833333333503
-87.692412421,41.787606839,144.01527777777665
-87.61223945,41.76028691,144.39791666666497
-87.634505751,41.75894258,144.5888888888876
-87.566032209,41.757169214,144.83680555555475
-87.69674456,41.877428916,144.8888888888905
-87.725365692,41.871403948,145.5444444444438
-87.701028514,41.965012661,145.70000000000073
-87.71707875,41.95926026,145.7722222222219
-87.726466661,41.914137631,145.8347222222219
-87.698570725,41.874338023,145.84583333333285
-87.609700893,41.784944881,145.95833333333212
-87.703628009,41.795970338,146.0263888888876
-87.722952947,41.785709457,146.43055555555475
-87.64429615,41.760587919,146.55208333333212
-87.765572318,41.880234943,146.65277777777737
-87.644610431,41.773013238,146.6743055555562
-87.602733243,41.750465378,146.92083333333358
-87.665592205,41.772171112,147.61249999999927
-87.698697883,41.837346119,147.9909722222219
-87.620144007,41.766700275,148.05277777777883
-87.727739162,41.869676631,148.06388888888978
-87.624187857,41.872709056,148.10416666666788
-87.617287313,41.778343007,148.20347222222335
-87.603761388,41.803335167,148.74722222222044
-87.736480524,41.876042407,148.83541666666497
-87.634756112,41.736191063,148.86527777777883
-87.708890163,41.851139772,148.88541666666788
-87.704751621,41.858087616,148.89583333333212
-87.642104977,41.893888586,148.91666666666788
-87.619389387,41.801358685,149.00138888888978
-87.637532796,41.896544837,149.09305555555693
-87.638299199,41.76437735,149.51527777777665
-87.572458103,41.759873917,149.74444444444453
-87.64726867,41.735119333,149.88680555555402
-87.610029585,41.886089496,149.8888888888905
-87.735993683,41.877851081,149.9597222222219
-87.671479301,41.778626828,150.04791666666642
-87.698133083,41.816527691,150.24652777777737
-87.724182009,41.876194627,150.56111111111022
-87.761736153,41.903994796,150.72569444444525
-87.558526165,41.75594977,150.7722222222219
-87.562115767,41.760104086,150.96875
-87.644313141,41.71718126,151.0138888888905
-87.757959152,41.880334264,151.65416666666715
-87.572444014,41.718854692,151.71111111111168
-87.665931546,41.777628742,151.73749999999927
-87.757651733,41.938688914,152.5576388888876
-87.600440036,41.779696727,152.64583333333212
-87.689481623,41.769382055,152.9423611111124
-87.743952618,41.878056858,152.94444444444525
-87.661427532,41.766216404,152.95833333333212
-87.703944879,41.849016162,153.0
-87.610974131,41.802173267,153.0180555555562
-87.70598396,41.792802598,153.04791666666642
-87.610110372,41.805274355,153.73125000000073
-87.572654154,41.766859444,153.79791666666642
-87.692661388,41.865660816,153.8298611111095
-87.773556247,41.896553012,153.98819444444598
-87.634142722,41.786300983,154.02916666666715
-87.745087774,41.87559834,154.0895833333343
-87.639680572,41.907153315,154.09930555555547
-87.618680883,41.673521597,154.4375
-87.575714801,41.76624848,154.60625000000073
-87.570672246,41.729296032,154.66180555555547
-87.651619535,41.750527081,154.71875
-87.66785807,41.874180626,155.00972222222117
-87.712593985,41.823382365,155.16666666666788
-87.64813352,41.768182389,155.58541666666497
-87.556856606,41.751857729,155.7944444444438
-87.688587577,41.770074093,155.80069444444598
-87.660919654,41.793082799,155.81527777777956
-87.633066353,41.824546923,155.94513888888832
-87.685508352,41.84725063,156.00555555555547
-87.655221259,41.715410197,156.09722222222263
-87.567002336,41.751717281,156.2048611111095
-87.650201999,41.709658554,157.04166666666788
-87.633109071,41.915834588,157.0986111111124
-87.642663757,41.79180817,157.57291666666788
-87.683530209,41.775015522,157.63541666666788
-87.60497958,41.657674825,157.64930555555475
-87.718026137,41.893606982,157.65347222222044
-87.585432024,41.803181616,157.82847222222335
-87.71783042,41.865400546,157.85902777777665
-87.628253023,41.768646635,157.91666666666788
-87.710122939,41.892389828,158.0
-87.614603198,41.751119291,158.55277777777883
-87.716930608,41.862379783,158.56458333333285
-87.614595479,41.803032987,158.9375
-87.624397882,41.692569761,159.0986111111124
-87.688580195,41.957896299,159.12222222222044
-87.674276601,41.884514051,159.32291666666788
-87.714258048,41.895480257,159.34236111111022
-87.74580472,41.93519588,159.48055555555402
-87.69663625,41.850970957,159.74236111111168
-87.673580917,41.793924612,159.79652777777665
-87.723686484,41.858014054,159.89930555555475
-87.724788555,41.85289362,159.92499999999927
-87.689377794,41.87751408,160.00347222222263
-87.631403865,41.677927829,160.58333333333212
-87.663107621,41.768561615,160.7006944444438
-87.664959283,41.762158974,160.77847222222044
-87.608921649,41.866480382,161.05555555555475
-87.662929863,41.903402827,161.18611111111022
-87.663947661,41.769562692,161.4729166666657
-87.633387702,41.763005571,161.50694444444525
-87.62240731,41.792444765,161.6472222222219
-87.674659932,41.766611367,161.67499999999927
-87.65304218,41.79382403,161.9236111111095
-87.586596725,41.751492287,162.07291666666788
-87.720539406,41.895420644,162.36527777777883
-87.601377692,41.745270017,162.6694444444438
-87.689776327,41.878416427,162.6784722222219
-87.715109176,41.895965084,162.75555555555547
-87.731612428,41.880654786,162.85833333333358
-87.696125917,41.767706655,162.91597222222117
-87.624100509,41.889906681,162.96527777777737
-87.550955694,41.714475917,163.0
-87.649366085,41.943108594,163.0534722222219
-87.706579475,41.773453091,163.11041666666642
-87.562183249,41.714650607,163.35416666666788
-87.726046817,41.894086013,163.49375000000146
-87.600985433,41.728192429,163.75069444444307
-87.646980567,41.736025979,163.84097222222044
-87.710708051,41.896432525,163.89374999999927
-87.684976882,41.872618277,163.90416666666715
-87.73110127,41.860001597,164.69861111111095
-87.608601727,41.740247076,164.86388888888905
-87.738761294,41.916375383,164.8881944444438
-87.652154641,41.737000813,165.81388888888978
-87.604946488,41.758588838,165.875
-87.597067943,41.717717043,165.99305555555475
-87.61162391,41.785774776,166.0
-87.64032416,41.682411326,166.04166666666788
-87.637638525,41.739005004,166.0763888888905
-87.681908593,41.884790858,166.25
-87.725989989,41.844233595,166.70763888888905
-87.643332481,41.725992872,166.73819444444598
-87.623370819,41.768265299,166.76250000000073
-87.718566287,41.888985826,166.9465277777781
-87.652131532,41.844475172,167.06874999999854
-87.743100657,41.87048109,167.09375
-87.553656667,41.743427523,167.15972222222263
-87.738494751,41.884532588,167.32361111111095
-87.566496772,41.765248775,167.41666666666788
-87.716619992,41.895457291,167.87222222222044
-87.543011114,41.73482824,167.90763888888978
-87.702059869,41.822347994,167.93680555555693
-87.613743755,41.839150478,167.98958333333212
-87.60169024,41.809041065,168.06319444444307
-87.695102821,41.904768918,168.0756944444438
-87.612785209,41.763267897,168.1388888888905
-87.744351201,41.806606405,168.1784722222219
-87.680338287,41.883925736,168.19097222222263
-87.683430224,41.771483046,168.47013888888978
-87.737290558,41.895163037,168.54166666666788
-87.601609384,41.65863315,168.5847222222219
-87.624719943,41.756259091,168.84722222222263
-87.666908378,41.789865717,168.86666666666497
-87.710359255,41.742364198,168.98125000000073
-87.748573216,41.813030387,168.98541666666642
-87.632069012,41.759224118,169.06180555555693
-87.711807926,41.906869331,169.08402777777883
-87.768213948,41.882994967,169.10555555555402
-87.712481637,41.849057137,169.12291666666715
-87.72840851,41.805261185,169.2048611111095
-87.651440734,41.671442829,169.46527777777737
-87.655954176,41.742575016,169.65416666666715
-87.64551866,41.761089218,169.95000000000073
-87.630671238,41.733806048,169.9861111111095
-87.643664418,41.737770715,170.0270833333343
-87.646126146,41.738844769,170.03472222222263
-87.72727477,41.855870568,170.0486111111095
-87.640589557,41.71363242,170.05902777777737
-87.692414776,41.787738578,170.08611111111168
-87.663679398,41.805917467,170.94444444444525
-87.624682442,41.852860198,170.98958333333212
-87.675861155,41.852810567,171.69791666666788
-87.631906508,41.809125265,171.8256944444438
-87.617733588,41.801513039,171.85069444444525
-87.68479102,41.877565108,171.875
-87.659750216,41.72856017,171.89027777777665
-87.626419612,41.911402836,171.90833333333285
-87.685668387,41.763998259,172.0
-87.648704485,41.888790906,172.02083333333212
-87.63302359,41.748285661,172.0451388888905
-87.58637883,41.777866284,172.06458333333285
-87.5630557,41.764564381,172.1340277777781
-87.664386014,41.786291714,172.5979166666657
-87.584167675,41.736934408,172.78680555555547
-87.567294437,41.726219145,172.81458333333285
-87.65891695,41.990041584,172.92152777777665
-87.658438788,41.866968656,172.94930555555402
-87.754056881,41.967948869,172.98819444444598
-87.70058027,41.774364244,173.46736111111022
-87.607054294,41.774483417,173.73125000000073
-87.668810046,41.769766555,173.73888888888905
-87.670745469,41.810371243,173.85138888888832
-87.713699991,41.854401305,173.85138888888832
-87.730905524,41.871468816,173.85416666666788
-87.605246065,41.702872975,173.89652777777883
-87.634225158,41.747985616,174.09652777777956
-87.729572523,41.850808531,174.14583333333212
-87.601904135,41.821836221,174.45833333333212
-87.66683758,41.740745088,174.46736111111022
-87.637426959,41.732129222,174.47708333333503
-87.613602059,41.74691424,174.6388888888905
-87.629954748,41.680910298,174.83263888888905
-87.61682598,41.787508796,174.84583333333285
-87.607063928,41.729089979,175.02986111111022
-87.663152593,41.857846919,175.1027777777781
-87.617198953,41.699226778,175.21319444444453
-87.615568537,41.777950825,175.63750000000073
-87.587810049,41.758750605,175.68680555555693
-87.73774058,41.92301662,175.72569444444525
-87.652664332,41.863454866,176.0486111111095
-87.735297094,41.923006663,176.0625
-87.684074304,41.764686314,176.27291666666497
-87.712358998,41.852629503,176.54722222222335
-87.643722714,41.739513702,176.74305555555475
-87.619895739,41.783812137,176.81874999999854
-87.633105375,41.909786287,176.96527777777737
-87.648339055,41.937067941,177.06041666666715
-87.672186613,41.805774645,177.09722222222263
-87.734486079,41.850930304,177.125
-87.628015156,41.890276565,177.15277777777737
-87.713844933,41.894520289,177.375
-87.550221665,41.719125274,177.44513888888832
-87.626923253,41.844023772,177.9375
-87.604315381,41.722044385,178.0
-87.63630906,41.691492747,178.16666666666788
-87.694383251,41.877454222,178.81319444444307
-87.644639452,41.774069965,178.92986111111168
-87.679869946,41.877630516,178.9729166666657
-87.601850794,41.71617235,178.97569444444525
-87.714186324,41.846220538,179.03472222222263
-87.605758495,41.77268594,179.12291666666715
-87.704880277,41.882808543,179.78055555555693
-87.699406076,41.851850721,179.81597222222263
-87.706079932,41.851755638,179.96805555555693
-87.645890849,41.775323369,179.97916666666788
-87.703520985,41.811768592,180.0444444444438
-87.632163805,41.722220435,180.12361111111022
-87.61077486,41.834263518,180.47569444444525
-87.646111427,41.784194239,180.72222222222263
-87.711174161,41.886629873,180.93055555555475
-87.647126322,41.756060294,181.03055555555693
-87.629064854,41.786585558,181.10069444444525
-87.655217954,41.811455179,181.2048611111095
-87.660693695,41.869352917,181.3611111111095
-87.617834254,41.768387377,181.46527777777737
-87.598984935,41.762302343,181.62847222222263
-87.619025853,41.786866612,181.68055555555475
-87.673404434,41.805765182,181.8298611111095
-87.721764498,41.879809676,181.8777777777796
-87.605132199,41.656471024,181.8798611111124
-87.650973588,41.966430215,181.9201388888905
-87.660222704,41.858952185,182.09027777777737
-87.734164817,41.880626967,182.1604166666657
-87.771182031,41.91974669,182.26041666666788
-87.545821131,41.736636821,182.92777777777883
-87.752634034,41.880801426,182.97916666666788
-87.609863367,41.82624727,183.03125
-87.61773099,41.801416973,183.09444444444307
-87.690094055,41.878223366,183.11388888888905
-87.606566877,41.707203646,183.1381944444438
-87.63962455,41.85053922,183.1416666666664
-87.61059344,41.72502595,183.230555555554
-87.628469089,41.713383076,183.7708333333321
-87.605115375,41.746890952,183.875
-87.665375807,41.775361469,183.8791666666657
-87.641129232,41.780717499,183.94444444444525
-87.707036121,41.882784645,184.0
-87.64000364,41.906493907,184.0
-87.61551777,41.775927965,184.0
-87.565468967,41.764448809,184.0270833333343
-87.665869564,41.796684726,184.04652777777665
-87.621248438,41.81067058,184.0625
-87.708580693,41.914587811,184.10902777777665
-87.686949501,41.766003325,184.26527777777665
-87.71969984,41.871464374,184.32291666666788
-87.675276085,41.884097169,184.64097222222333
-87.607564818,41.656546786,184.7986111111095
-87.730504808,41.869960118,184.82013888888832
-87.638248321,41.717449354,184.8486111111124
-87.735049965,41.903436246,184.875
-87.754653049,41.906508717,184.93194444444453
-87.617258257,41.701142687,184.93472222222044
-87.659290861,41.805038328,184.93888888888972
-87.697498127,41.777231483,184.9465277777781
-87.723603237,41.894202044,184.98749999999927
-87.754165917,41.876668087,185.15625
-87.619014792,41.678082019,185.52569444444453
-87.683930937,41.85297997,185.72222222222263
-87.692673273,41.98861312,185.81597222222263
-87.719999212,41.896216334,185.83402777777883
-87.710714359,41.871575178,185.9583333333321
-87.605018976,41.702877025,185.97222222222263
-87.616833005,41.791158739,186.25069444444307
-87.600924177,41.774203002,186.63055555555547
-87.723179151,41.879328725,186.6423611111095
-87.672884839,41.884152048,186.855555555554
-87.614355797,41.777880123,187.02013888888905
-87.626852618,41.841103444,187.28472222222263
-87.545784616,41.735127203,187.64861111111168
-87.69673803,41.871056732,187.90555555555693
-87.669369253,41.79125211,187.99722222222044
-87.675008008,42.014857379,188.2638888888905
-87.681637882,42.018577904,188.56597222222263
-87.625732415,41.769185486,188.74027777777883
-87.631884662,41.733739365,188.77847222222044
-87.593011267,41.777848842,188.79166666666788
-87.599945251,41.657906269,188.87569444444307
-87.743090651,41.804876524,189.04722222222333
-87.682522559,41.704563313,189.10416666666788
-87.655743716,41.765027673,189.68055555555475
-87.634868107,41.773182197,189.70763888888905
-87.628072478,41.761367651,189.7611111111109
-87.634257917,41.702723806,189.81041666666715
-87.705529122,41.777780601,190.0180555555562
-87.702141566,41.871907088,190.03819444444525
-87.611308117,41.729248454,190.0402777777781
-87.628021263,41.890389116,190.0493055555562
-87.616143409,41.763865212,190.06388888888972
-87.644210882,41.905037348,190.0652777777796
-87.723983712,41.876196319,190.0833333333321
-87.7481735,41.812210556,190.09027777777737
-87.58914335,41.801946097,190.1034722222212
-87.665569188,42.017676014,190.136805555554
-87.630518388,41.90314591,190.18472222222044
-87.711167338,41.852499562,190.68402777777737
-87.628445336,41.844112707,190.68819444444307
-87.610615614,41.729257822,190.71250000000143
-87.614079791,41.766816151,191.0208333333321
-87.664961971,41.808147803,191.08611111111168
-87.632378118,41.868116071,191.14652777777883
-87.742422494,41.869168593,191.19444444444525
-87.625066872,41.72236078,191.73888888888905
-87.683180808,41.762419957,191.8861111111109
-87.646447016,41.845124638,191.9583333333321
-87.637564499,41.783182292,192.09236111111025
-87.625716751,41.750927566,192.9423611111124
-87.754693958,41.908487519,192.96527777777737
-87.701005933,41.873508972,193.418055555554
-87.629749408,41.764550342,193.61249999999927
-87.695227741,41.904766868,193.67916666666497
-87.606057712,41.805899162,193.96041666666497
-87.648152509,41.682614691,194.2368055555562
-87.649689253,41.735232555,194.6145833333321
-87.605048469,41.820198662,194.6458333333321
-87.73870409,41.884530928,194.6923611111124
-87.737786502,41.87656785,194.72083333333285
-87.610912396,41.729254199,194.72222222222263
-87.612190453,41.693909881,194.83263888888905
-87.550955694,41.714475917,195.0111111111109
-87.592144656,41.770963318,195.62430555555693
-87.562134924,41.711033273,195.7451388888876
-87.602177032,41.775898721,195.8291666666664
-87.727116667,41.904462147,196.3645833333321
-87.634819719,41.682616759,196.72430555555547
-87.633841062,41.826854085,196.78819444444525
-87.604457233,41.751296874,196.82291666666788
-87.71175136,41.905126435,196.82291666666788
-87.72069769,41.876933506,196.9729166666657
-87.706458801,41.851296671,196.9895833333321
-87.606952203,41.787103753,197.0
-87.72488284,41.856113138,197.0
-87.63424924,41.79573374,197.1034722222212
-87.610454227,41.766840049,197.5270833333343
-87.596151187,41.72870489,197.78333333333285
-87.649519217,41.687340346,197.93402777777737
-87.661655362,41.774947344,198.0
-87.64621655,41.835449733,198.06597222222263
-87.624687795,41.817780308,198.5625
-87.627960718,41.694888689,198.6076388888905
-87.609166095,41.763387846,198.699305555554
-87.708452404,41.86292947,198.7395833333321
-87.70745565,41.75421756,198.8173611111124
-87.633846757,41.827005055,198.85069444444525
-87.621747338,41.732722012,198.90555555555693
-87.676799231,41.796223552,198.9194444444438
-87.599036246,41.762302671,198.9541666666664
-87.696357904,41.865706076,198.97916666666788
-87.622764529,41.806582764,199.0180555555562
-87.621719677,41.829071092,199.04999999999927
-87.714177247,41.895479821,199.4402777777796
-87.665652032,41.788316132,199.5833333333321
-87.718830265,41.897845652,199.6111111111095
-87.689433864,41.767559572,199.9104166666657
-87.719621079,41.895429461,200.3222222222212
-87.619723493,41.772891536,200.6458333333321
-87.720002176,41.896290444,200.8298611111095
-87.734196199,41.898884591,200.86388888888905
-87.623056687,41.817654974,200.8888888888905
-87.626961904,41.748330883,200.9402777777796
-87.702010464,41.862842099,201.0340277777796
-87.59695217,41.761529162,201.08124999999927
-87.630128275,41.890824651,201.13055555555547
-87.68063306,41.848095703,201.1423611111095
-87.710558192,41.866859705,201.46527777777737
-87.564645811,41.753567662,201.5180555555562
-87.70900012,41.854930193,201.53125
-87.628445336,41.844112707,201.7138888888876
-87.641488571,41.762975053,201.7631944444438
-87.743394338,41.879269694,201.78055555555693
-87.69969232,41.871934765,201.84305555555693
-87.742676339,41.876291236,201.88263888888832
-87.712324013,41.880903366,201.91319444444525
-87.57934868,41.765199367,201.94583333333503
-87.5973195,41.726807826,201.98402777777665
-87.651723521,41.858018409,202.0
-87.636128242,41.867290925,202.261805555554
-87.729461932,41.845785946,202.2625000000008
-87.650262304,41.858039914,202.28819444444525
-87.721575832,41.878030398,202.3777777777796
-87.706094241,41.864565913,202.8534722222212
-87.612603401,41.684469225,202.886805555554
-87.743597121,41.873189474,202.89930555555475
-87.704012212,41.870976076,202.99930555555693
-87.657654526,41.970281428,203.00069444444307
-87.566478882,41.763980792,203.0208333333321
-87.682072761,41.856685174,203.02500000000143
-87.681335491,41.932828141,203.0409722222212
-87.69450809,41.877454917,203.074305555554
-87.62917996,41.903933538,203.136805555554
-87.632345743,41.72300642,203.1416666666664
-87.625419019,41.735329834,203.17777777777883
-87.572585707,41.765827136,203.2319444444438
-87.708950229,41.840810689,203.30486111111168
-87.62296447,41.698057802,203.6027777777781
-87.713378046,41.968949345,203.69097222222263
-87.622813474,41.808460152,203.91388888888832
-87.66505806,41.857816858,203.93402777777737
-87.726271762,41.878862127,203.94791666666788
-87.702224485,41.896317608,203.9583333333321
-87.721052371,41.89055235,203.97222222222263
-87.667049602,41.795349621,203.99305555555475
-87.634933283,41.68633328,204.0208333333321
-87.615878739,41.75109982,204.0479166666664
-87.75684979,41.895899556,204.0736111111109
-87.724361483,41.866184544,204.1034722222212
-87.681594285,41.883919149,204.1145833333321
-87.689043285,41.823417338,204.1395833333336
-87.706775467,41.846303841,204.14027777777665
-87.624169151,41.694393329,204.14097222222333
-87.640253907,41.68042949,204.14652777777883
-87.686424086,41.880936021,204.17222222222333
-87.579349708,41.765111557,204.2083333333321
-87.718641511,41.851244516,204.28055555555693
-87.65671433,41.771378209,204.65000000000143
-87.726575834,41.870008034,204.7361111111095
-87.576985757,41.740111916,204.74305555555475
-87.638102391,41.671834945,204.9402777777796
-87.680791657,41.767779753,205.0
-87.719800496,41.874376563,205.0138888888905
-87.742691439,41.876645322,205.0270833333343
-87.674077177,41.738668245,205.09166666666715
-87.603852286,41.730277132,205.55277777777883
-87.638575314,41.729597681,205.74930555555693
-87.638803721,41.79405991,205.9236111111095
-87.732790428,41.942661435,206.00694444444525
-87.666785387,41.738705762,206.0798611111095
-87.67430967,41.767525954,206.6972222222212
-87.66368964,41.80634289,206.81458333333285
-87.669995669,41.801272369,206.918055555554
-87.742977239,41.884690187,207.0097222222212
-87.660646744,41.782707791,207.02152777777883
-87.720368724,41.873701767,207.06319444444307
-87.746289876,41.886677538,207.6902777777796
-87.758477117,41.888915379,207.8611111111095
-87.661658255,41.775021457,207.90694444444307
-87.602625355,41.746729695,208.02291666666497
-87.717833196,41.865493866,208.05902777777737
-87.582123326,41.773381812,208.1375000000008
-87.653564265,41.744042828,208.50833333333503
-87.721617589,41.899059766,208.5493055555562
-87.554913938,41.750066278,208.58750000000143
-87.684073998,41.934948477,208.61527777777883
-87.577772475,41.721757661,208.64652777777883
-87.600559684,41.82584526,208.84375
-87.691129694,41.84922788,208.8479166666657
-87.684385041,41.761858695,208.91458333333503
-87.580708265,41.764286199,208.92777777777883
-87.731921562,41.87118325,208.9513888888905
-87.588334543,41.757450465,209.1694444444438
-87.563760717,41.749121461,209.5687499999985
-87.620247348,41.770608792,209.75
-87.59890331,41.782313196,209.831944444446
-87.67937528,41.828521933,209.85416666666788
-87.725564977,41.902681168,209.85972222222333
-87.703427415,41.872575513,209.9500000000008
-87.679011244,41.878297967,210.0479166666664
-87.641488571,41.762975053,210.06944444444525
-87.670318697,41.815829892,210.07013888888832
-87.675868666,41.873219626,210.13194444444525
-87.670831595,41.892367458,210.15625
-87.722619512,41.889896588,210.17638888888905
-87.715731653,41.883583662,210.18055555555475
-87.643601006,41.735478834,210.62847222222263
-87.664135177,41.753987132,210.71944444444307
-87.653941271,41.758331912,210.72430555555547
-87.615052305,41.769344242,210.8263888888905
-87.644493366,41.682112559,210.875
-87.605909707,41.779418642,210.88333333333503
-87.655571089,41.857967084,210.9013888888876
-87.624375538,41.744925736,210.91180555555547
-87.733933416,41.91833985,210.9465277777781
-87.665213684,41.771554188,211.0
-87.610974131,41.802173267,211.0722222222212
-87.683930416,41.856660018,211.0833333333321
-87.727408706,41.946598555,211.10416666666788
-87.736463738,41.921629642,211.1347222222212
-87.772465987,41.919983484,211.1736111111095
-87.598534859,41.726884213,211.5374999999985
-87.595393536,41.764164663,211.67499999999927
-87.579351703,41.765254273,211.78819444444525
-87.700336938,41.851252117,211.83124999999927
-87.724275108,41.87528403,211.8576388888905
-87.609351834,41.725984133,212.28333333333285
-87.715946584,41.858963386,212.6875
-87.648663756,41.742441243,212.8916666666664
-87.744838915,41.898717342,212.91666666666788
-87.652605569,41.863457262,212.94791666666788
-87.685161958,41.876104518,213.04722222222333
-87.643536131,41.938702181,213.0763888888905
-87.597947385,41.752693406,213.58819444444453
-87.768441436,41.977567645,213.6145833333321
-87.646117177,41.784342465,213.7319444444438
-87.555472437,41.732942865,213.74305555555475
-87.623430342,41.703974705,213.8333333333321
-87.686114357,41.780164685,213.89027777777665
-87.582112864,41.752596454,213.9833333333336
-87.581755866,41.75335429,214.16666666666788
-87.620256728,41.670032351,214.7326388888905
-87.683156402,41.850810367,214.79652777777665
-87.560163298,41.764286989,214.96875
-87.553165895,41.735537062,215.050694444446
-87.745964635,41.880487595,215.0763888888905
-87.771882598,41.882988263,215.0979166666657
-87.630653094,41.750258064,215.14374999999927
-87.726883569,41.87707062,215.34236111111025
-87.721266986,41.897694011,215.480555555554
-87.618181182,41.81040454,215.5131944444438
-87.719633561,41.869564997,215.54652777777665
-87.717420027,41.851163877,215.6902777777796
-87.644904123,41.763374283,215.949305555554
-87.695926828,41.867339259,216.0361111111124
-87.717822362,41.853608426,216.05555555555475
-87.637741331,41.660833428,216.7625000000008
-87.648446082,41.768779765,216.90625
-87.616989442,41.823536688,216.9270833333321
-87.730750037,41.801582428,216.93125000000143
-87.661008708,41.750154295,216.93541666666715
-87.663145697,41.78603201,216.9465277777781
-87.737948817,41.881233917,217.01041666666788
-87.587165784,41.760579612,217.0340277777796
-87.61672286,41.759225475,217.04166666666788
-87.649473156,41.727972558,217.06041666666715
-87.635971485,41.857729001,217.07291666666788
-87.67122955,41.76975857,217.0763888888905
-87.669999562,41.815117282,217.09236111111025
-87.684599514,41.892141451,217.15416666666715
-87.638562073,41.853751811,217.15625
-87.646286726,41.74234198,217.26527777777665
-87.657503448,41.755918725,217.77430555555475
-87.70202215,41.821332405,217.83680555555475
-87.624242376,41.694393781,217.84236111111025
-87.756066167,41.909498816,218.0
-87.75142009,41.900460542,218.0048611111124
-87.545821332,41.736620357,218.00694444444525
-87.674327467,41.771159507,218.0125000000008
-87.722234325,41.889079498,218.0180555555562
-87.643698482,41.695527586,218.02777777777737
-87.575411004,41.764341937,218.0763888888905
-87.659424883,41.782094142,218.0847222222219
-87.736747433,41.869847271,218.0979166666657
-87.702038093,41.880556393,218.1104166666664
-87.708576605,41.840361342,218.11805555555475
-87.715731653,41.883583662,218.12291666666715
-87.767912706,41.945863902,218.20902777777883
-87.65518157,41.836112241,218.4749999999985
-87.64760494,41.747937266,218.52777777777737
-87.711301239,41.890944512,219.0833333333321
-87.687551667,42.012763475,219.25138888888972
-87.603628907,41.751305337,219.36527777777883
-87.625287857,41.750938645,219.68472222222044
-87.624888296,41.736281583,219.7986111111095
-87.64627195,41.684230856,219.8388888888876
-87.535287434,41.718877077,219.84166666666715
-87.607562668,41.656412299,219.8583333333336
-87.714090904,41.774237528,219.8972222222219
-87.594328524,41.811274431,220.0097222222212
-87.621527997,41.668926028,220.03958333333503
-87.738753362,41.873274269,220.1208333333343
-87.744455743,41.810410518,220.1347222222212
-87.621655195,41.826279773,220.6312499999985
-87.65256172,41.798681311,220.87847222222263
-87.721817052,41.876223222,221.45347222222333
-87.660388215,41.993892087,221.53472222222263
-87.655652144,41.865239834,221.73472222222333
-87.711236387,41.854843535,221.831944444446
-87.632282824,41.813298862,221.9159722222212
-87.725420665,41.900855485,221.94444444444525
-87.709796014,41.840255453,221.94444444444525
-87.6909165,41.877498,222.0409722222212
-87.675263157,41.877483464,222.0687499999985
-87.722589054,41.771892734,222.16458333333503
-87.742338071,41.779800809,222.1875
-87.675015292,41.775235986,222.3125
-87.63955314,41.720775122,222.4583333333321
-87.63500314,41.688337069,222.5048611111124
-87.710377575,41.742364298,222.6875
-87.685821653,41.769534376,222.6923611111124
-87.606458295,41.657321932,222.71527777777737
-87.598138607,41.797577498,222.81944444444525
-87.679681511,41.853957519,223.05138888888905
-87.645099984,41.792028613,223.12361111111025
-87.736506226,41.87604254,223.5
-87.710081187,41.873635421,223.88333333333503
-87.673004655,41.79111664,223.886805555554
-87.69632059,41.796561236,223.93541666666715
-87.70768653,41.892527513,224.0493055555562
-87.628655887,41.892462168,224.21111111111168
-87.636254266,41.689785439,224.22916666666788
-87.658310668,41.97326549,224.61805555555475
-87.655921874,41.76412036,224.75555555555547
-87.622980632,41.750466105,224.87222222222044
-87.718897934,41.86011808,224.9833333333336
-87.596772423,41.72402982,225.0
-87.705071868,41.845619446,225.0
-87.706912592,41.84992976,225.03958333333503
-87.707544735,41.961190008,225.1027777777781
-87.684048069,41.81489019,225.1472222222219
-87.731266824,41.865441583,225.14791666666497
-87.666223292,41.763980303,225.2215277777796
-87.724986223,41.859922717,225.2333333333336
-87.751372315,41.900463044,225.3916666666664
-87.723983712,41.876196319,225.3930555555562
-87.718717316,41.894302232,225.62291666666715
-87.607555817,41.654740948,225.6381944444438
-87.75285662,41.922325648,225.70624999999927
-87.613677631,41.802132606,226.18055555555475
-87.707384581,41.973044107,226.58611111111168
-87.690503277,41.906631294,226.7708333333321
-87.667770847,41.774903351,226.9229166666664
-87.660318984,41.68246978,226.94444444444525
-87.72138139,41.875318043,226.9749999999985
-87.772931058,41.866382415,227.418055555554
-87.658272241,41.738510613,227.4402777777796
-87.573539169,41.766102387,227.52291666666497
-87.706091793,41.812957211,227.581944444446
-87.627655018,41.707110046,227.58263888888905
-87.765149527,41.888580857,227.7708333333321
-87.723988622,41.895389602,227.9270833333321
-87.633910179,41.703385817,228.00069444444307
-87.646539793,41.787001463,228.08611111111168
-87.614475527,41.782916642,228.61805555555475
-87.634095174,41.697464683,228.7319444444438
-87.64186326,41.760850477,228.77916666666715
-87.589669974,41.761778641,228.99027777777883
-87.566141546,41.745525883,229.28125
-87.734158437,41.839627709,229.41180555555547
-87.641651676,41.708169381,229.52430555555475
-87.569542814,41.75350427,229.55972222222044
-87.685994139,41.847483887,229.5965277777796
-87.71020752,41.854577252,229.63055555555547
-87.636197435,41.731655236,229.68055555555475
-87.707605377,41.938075818,229.71527777777737
-87.642141296,41.684678113,229.7527777777796
-87.579351703,41.765254273,229.8840277777781
-87.646515126,41.799273759,230.00833333333503
-87.699067929,41.851154556,230.0097222222212
-87.718659949,41.892241,230.0451388888905
-87.573529604,41.750756218,230.06041666666715
-87.625354033,41.906097165,230.10416666666788
-87.55515514,41.741928315,230.1069444444438
-87.642036442,41.722845583,230.19444444444525
-87.614432757,41.781165519,230.90000000000143
-87.679011328,41.878289735,230.918055555554
-87.691680321,41.849219981,230.94305555555547
-87.603797392,41.743221688,230.94583333333503
-87.769856648,41.902081031,230.98472222222333
-87.621995369,41.780946398,231.00069444444307
-87.711613381,41.879585026,231.06458333333285
-87.65517363,41.805919708,231.10069444444525
-87.608546846,41.72655262,231.1111111111095
-87.654037427,41.762072963,231.769444444446
-87.614922158,41.883386945,231.9375
-87.628081503,41.699584978,232.0027777777796
-87.74301085,41.86866942,232.02500000000143
-87.643036076,41.949283608,232.05972222222044
-87.71531086,41.908189005,232.0833333333321
-87.702344516,41.925906585,232.14652777777883
-87.671840359,41.793080339,232.21319444444453
-87.718551756,41.871729915,232.6201388888876
-87.661528252,41.769913562,232.84305555555693
-87.664059056,41.806795104,232.9506944444438
-87.629183617,41.746228661,232.99861111111025
-87.588532471,41.78058339,233.68541666666715
-87.658026271,41.759536045,233.7361111111095
-87.732553605,41.85622487,233.76874999999927
-87.726751761,41.879748311,233.9020833333343
-87.649642862,41.733733884,233.92222222222333
-87.656092145,41.760476933,233.94513888888832
-87.674386904,41.75137892,233.99305555555475
-87.581019549,41.766192778,234.0
-87.614445021,41.784991132,234.9020833333343
-87.65437925,41.687174313,234.93194444444453
-87.619196923,41.793588428,234.93680555555693
-87.735240003,41.946033145,235.6159722222219
-87.600965633,41.727355287,235.675694444446
-87.698890503,41.771731376,235.7902777777781
-87.622824022,41.808833439,236.08124999999927
-87.633409079,41.675634814,236.1347222222212
-87.669480927,41.795355464,236.48402777777665
-87.75484916,41.874602364,237.59722222222263
-87.72071375,41.837943156,237.72916666666788
-87.650549297,41.767829035,237.7944444444438
-87.726799521,41.879745819,237.86666666666497
-87.739630234,41.943523017,237.99236111111168
-87.627935689,41.885481891,238.0062499999985
-87.564456533,41.703995929,238.00763888888832
-87.679733832,42.019439727,238.0625
-87.764247767,41.910316274,238.47916666666788
-87.715552286,41.74227972,238.49861111111025
-87.720023859,41.874440874,238.62361111111025
-87.679014524,41.878336405,238.94791666666788
-87.718959143,41.901644368,238.99027777777883
-87.697640184,41.799965972,239.05694444444453
-87.755903553,41.894928829,239.0833333333321
-87.710455229,41.863472736,239.2354166666664
-87.54576877,41.734624887,239.4500000000008
-87.620980989,41.751013563,239.6083333333336
-87.748833968,41.89403137,239.63263888888832
-87.683418747,41.771167387,239.7097222222219
-87.57230546,41.766278089,239.8152777777796
-87.616149684,41.754743201,239.8263888888905
-87.65525108,41.695843322,240.0
-87.55450335,41.737343656,240.0423611111109
-87.71466578,41.895476966,240.36944444444453
-87.579477236,41.743566904,240.74930555555693
-87.673509804,41.80979439,240.8465277777796
-87.686901815,41.764180841,241.4270833333321
-87.673504355,41.809610492,241.7368055555562
-87.726408427,41.880717961,241.78333333333285
-87.631881386,41.733703669,241.80625000000143
-87.614355613,41.777896587,241.86805555555475
-87.685818925,41.769441055,242.35416666666788
-87.639901785,41.733659045,242.3645833333321
-87.603950762,41.750714612,242.4895833333321
-87.664843125,41.869289329,242.5625
-87.742676339,41.876291236,243.081944444446
-87.663702499,41.76176471,243.0999999999985
-87.69837427,41.867476308,243.57847222222333
-87.569852269,41.76913783,243.6770833333321
-87.628687687,41.722542211,243.74652777777737
-87.671990158,41.735667695,244.04722222222333
-87.697469857,41.866491606,244.53055555555693
-87.745289273,41.880854612,244.5687499999985
-87.64392735,41.841207202,244.8125
-87.563238289,41.753585679,244.93125000000143
-87.567294437,41.726219145,244.9375
-87.609956516,41.827098579,244.97916666666788
-87.632389996,41.817599792,244.9798611111109
-87.568656279,41.751003805,244.99791666666715
-87.653816826,41.943851262,245.07847222222333
-87.638589692,41.683701669,245.15763888888972
-87.627975759,41.695522722,245.4326388888876
-87.747906394,41.878562813,245.49722222222044
-87.693245363,41.903899633,245.83750000000143
-87.717243058,41.964722119,245.84027777777737
-87.694551457,41.910698885,245.8576388888905
-87.678538876,41.826705949,245.8604166666664
-87.63255036,41.890326285,245.87152777777737
-87.558278501,41.73449315,245.90833333333285
-87.717659037,41.858390795,245.92986111111168
-87.708966831,41.894567964,245.9486111111109
-87.715286739,41.861918146,246.0062499999985
-87.657158003,41.788469528,246.0138888888905
-87.682690327,41.802972333,246.02500000000143
-87.706396709,41.870056072,246.02777777777737
-87.653932928,41.943994648,246.0520833333321
-87.627165088,41.856072547,246.05277777777883
-87.652335809,41.789881794,246.06041666666715
-87.735139224,41.871038144,246.0625
-87.675836672,41.759782053,246.0652777777796
-87.768727854,41.919295571,246.20347222222333
-87.623774252,41.782881146,246.7284722222212
-87.675438535,41.791215677,246.9124999999985
-87.740268994,41.944404468,246.98749999999927
-87.570808838,41.758938155,247.0
-87.615295242,41.719594238,247.1520833333343
-87.765436332,41.896005458,247.5048611111124
-87.631837689,41.780123258,247.60416666666788
-87.669952111,41.813316762,247.65763888888972
-87.701011831,41.765510766,247.6875
-87.552238463,41.744647338,247.9541666666664
-87.739089486,41.877815001,248.1375000000008
-87.731266824,41.865441583,248.425694444446
-87.695468574,41.809624786,248.73888888888905
-87.628030906,41.759473829,248.86875000000143
-87.637255748,41.769351932,248.9486111111109
-87.564110559,41.72625825,248.96041666666497
-87.75442509,41.887822023,249.0687499999985
-87.719059064,41.895434688,249.3333333333321
-87.63091491,41.852868298,249.77916666666715
-87.683924139,41.789749112,249.97916666666788
-87.707588047,41.795281207,250.0
-87.635692906,41.712255334,250.75763888888832
-87.620840409,41.697086882,250.88541666666788
-87.701517256,41.849546197,250.9506944444438
-87.663547848,41.885393253,251.13541666666788
-87.711659284,41.880910746,251.47916666666788
-87.659916448,41.86609917,251.71527777777737
-87.66917584,41.808564676,251.9749999999985
-87.709458315,41.899167237,252.0
-87.57587921,41.773461562,252.0041666666657
-87.724404378,41.905367116,252.043055555554
-87.695837739,41.864111522,252.72916666666788
-87.611219702,41.763955119,252.7666666666664
-87.722118889,41.880769306,252.8479166666657
-87.710310052,41.774735759,252.96736111111025
-87.558102666,41.727483001,253.0
-87.6978538,41.855524939,253.00069444444307
-87.665779634,41.838904869,253.00694444444525
-87.70681909,41.864023763,253.02500000000143
-87.722040947,41.86621338,253.07291666666788
-87.630863215,41.759219496,253.13541666666788
-87.610932883,41.758481187,253.17916666666497
-87.675273397,41.829933759,253.18402777777737
-87.608847097,41.703735498,253.35069444444525
-87.610295415,41.82632683,253.6076388888905
-87.655209507,41.746832535,253.70277777777665
-87.687406879,41.766450474,253.7993055555562
-87.637686734,41.740649137,253.82291666666788
-87.629145086,41.744724545,253.96944444444307
-87.644435915,41.766025213,254.0486111111095
-87.680758996,41.878670153,254.78888888888832
-87.624890245,41.764767468,254.82847222222333
-87.564820425,41.738313257,254.9208333333336
-87.653867946,41.755554244,255.02777777777737
-87.704479484,41.867504412,255.5111111111109
-87.721625422,41.871674977,255.55555555555475
-87.565728891,41.703858986,255.7993055555562
-87.671981602,41.85314779,255.93888888888972
-87.733936868,41.884585728,255.9777777777781
-87.577775044,41.721850984,256.0
-87.624768426,41.821115095,256.386805555554
-87.605417463,41.774964286,256.58263888888905
-87.557704997,41.749574714,256.5833333333321
-87.723404254,41.868012627,256.730555555554
-87.729570246,41.850660328,256.78749999999854
-87.641381658,41.69919655,256.7916666666679
-87.573506576,41.749290609,256.81874999999854
-87.743129501,41.935953286,256.8284722222233
-87.569947515,41.772544127,256.875
-87.671754906,41.789622045,256.9104166666657
-87.606336711,41.725679687,256.91249999999854
-87.614436164,41.828762287,256.9854166666664
-87.640448949,41.670095481,257.0270833333343
-87.575967187,41.773462142,257.0270833333343
-87.572980005,41.766271578,257.75694444444525
-87.600001596,41.764114584,257.76527777777665
-87.661330989,41.95321209,257.8083333333343
-87.595791777,41.763637571,257.9222222222233
-87.723151723,41.792974653,257.9583333333321
-87.731697075,41.807770266,257.9583333333321
-87.660992534,41.749597106,258.3402777777774
-87.586292815,41.764742524,258.69444444444525
-87.72393724,41.818053345,258.8333333333321
-87.598023336,41.725802425,258.85902777777665
-87.576651771,41.747961169,258.9284722222219
-87.654890879,41.890013133,258.9409722222226
-87.730704218,41.85146212,258.9583333333321
-87.605993706,41.783340761,258.98888888888905
-87.707639334,41.890965782,258.99027777777883
-87.656419116,41.857612588,259.00069444444307
-87.67235538,41.766145322,259.0125000000007
-87.648676498,41.836699342,259.0173611111095
-87.626851797,41.886863814,259.0416666666679
-87.66368964,41.80634289,259.04652777777665
-87.636724852,41.880307762,259.0472222222233
-87.715759988,41.876827476,259.0965277777796
-87.695932153,41.867542364,259.1041666666679
-87.728450199,41.853448094,259.1277777777796
-87.644774188,41.779295906,259.14930555555475
-87.706989323,41.960086551,259.1708333333336
-87.619574873,41.808769387,259.5
-87.590877074,41.761673931,259.51527777777665
-87.631026734,41.766407813,259.6097222222233
-87.694158947,41.874906311,259.62430555555693
-87.669914171,41.765782726,259.6430555555562
-87.597050685,41.765415716,259.7909722222212
-87.683314405,41.767341244,259.83750000000146
-87.73924554,41.879599571,259.91319444444525
-87.587978676,41.773315666,259.9284722222219
-87.654623085,41.784404009,259.93819444444307
-87.673438518,41.750229101,260.05277777777883
-87.706415875,41.89101125,260.08680555555475
-87.713644594,41.852534909,260.0888888888876
-87.669960623,41.813558308,260.1666666666679
-87.683869446,41.787901896,260.1708333333336
-87.724103885,41.879780947,260.1951388888883
-87.597034079,41.819735928,260.2152777777774
-87.731529667,41.879691121,260.3958333333321
-87.656725443,41.973289089,260.59097222222044
-87.551895871,41.71910374,260.6861111111102
-87.605364455,41.75760354,260.6972222222212
-87.644169735,41.755617231,260.9555555555562
-87.614177446,41.723261888,261.14027777777665
-87.772539299,41.880120985,261.644444444446
-87.580712019,41.743887849,261.74722222222044
-87.637935245,41.903800285,261.78819444444525
-87.671169877,41.813326533,261.8534722222212
-87.763861394,41.889301701,261.93055555555475
-87.709750721,41.947242201,262.63194444444525
-87.666278717,41.766060804,262.71805555555693
-87.611045838,41.827459445,262.74166666666497
-87.662675794,41.720956311,263.125
-87.720539406,41.895420644,263.5402777777781
-87.653821721,41.753682356,263.6923611111124
-87.665211357,41.771425193,263.7722222222219
-87.621749238,41.830377546,263.980555555554
-87.621083666,41.75830032,264.0625
-87.670969131,41.805751166,264.0965277777796
-87.620211441,41.831073285,264.6347222222212
-87.736739589,41.886087704,264.9194444444438
-87.720004772,41.896402972,265.0
-87.628311641,41.764632089,265.0256944444445
-87.684725312,41.866631644,265.0833333333321
-87.613642574,41.748536377,265.1083333333336
-87.645726518,41.724440218,265.4409722222226
-87.711538265,41.858541686,265.69374999999854
-87.7520718,41.901100507,265.8562500000007
-87.725643983,41.839687259,265.93958333333285
-87.668455026,41.815841074,266.02500000000146
-87.662180514,41.866908256,266.0576388888876
-87.710003421,41.847622186,266.1722222222233
-87.606801643,41.654448027,266.55555555555475
-87.60591976,41.751270467,266.7534722222226
-87.65200262,41.777020075,266.875
-87.654333805,41.706812477,266.9027777777774
-87.66999976,41.815098073,266.9173611111109
-87.657925033,41.771286538,266.9826388888905
-87.753171348,41.895688934,267.03819444444525
-87.683802131,41.998285943,267.0833333333321
-87.626975854,41.848250254,267.1458333333321
-87.753008553,41.880399914,267.17152777777665
-87.737111393,41.883227385,267.31041666666715
-87.71135664,41.892805409,267.4513888888905
-87.676415641,41.875022983,267.9611111111117
-87.730411763,41.852508893,267.9652777777774
-87.656975296,41.964618881,268.73402777777665
-87.564450615,41.703570519,268.85069444444525
-87.595143018,41.749563384,268.96875
-87.603273808,41.811392006,269.60208333333503
-87.605206448,41.657676262,269.6173611111117
-87.616981404,41.83215638,269.69583333333503
-87.572660059,41.766980232,269.8312499999993
-87.653175454,41.754147808,270.0145833333336
-87.713390612,41.959309009,270.36805555555475
-87.676339815,41.823962841,270.6666666666679
-87.722909752,41.871366222,270.7312500000007
-87.620116901,41.685350377,270.75
-87.779229735,41.982046624,270.9201388888905
-87.702268345,41.89559337,270.9777777777781
-87.610003416,41.70348756,271.0
-87.695062887,41.879266461,271.3645833333321
-87.663590909,41.802439947,271.4847222222233
-87.623871195,41.855190551,271.6659722222212
-87.645372621,41.755201817,271.8673611111117
-87.706645401,41.795298023,271.9166666666679
-87.656914344,41.981849357,272.0041666666657
-87.680549357,41.877620659,272.5534722222219
-87.688756412,41.877230681,272.62708333333285
-87.61370005,41.750608686,272.6277777777796
-87.672816618,41.736893668,272.65833333333285
-87.633828531,41.778099133,272.80555555555475
-87.611620922,41.765112989,272.8215277777781
-87.608685322,41.725639636,272.8263888888905
-87.714173749,41.884812928,272.9812500000007
-87.695339384,41.848137171,272.9944444444445
-87.714477665,41.919142236,273.1291666666657
-87.73397923,41.879660023,273.39652777777883
-87.648076388,41.765972889,273.4270833333321
-87.60356683,41.735752963,273.5048611111124
-87.622441061,41.7937046,273.6069444444438
-87.550357793,41.745924358,273.6701388888905
-87.59941913,41.763441256,273.7763888888876
-87.620200363,41.768893317,273.8263888888905
-87.76370378,41.898774051,273.9166666666679
-87.609211395,41.76522681,273.9451388888883
-87.735238688,41.874153389,274.1347222222212
-87.722175346,41.756772166,274.1638888888883
-87.622737399,41.698061887,274.4729166666657
-87.661671935,41.729767941,274.5013888888898
-87.709716732,41.891860728,274.71597222222044
-87.720663353,41.875915206,274.9652777777774
-87.70640419,41.890703831,275.7062499999993
-87.669999562,41.815117282,275.97499999999854
-87.660411912,41.77360634,276.43958333333285
-87.653050826,41.754149814,276.55416666666497
-87.670050151,41.850732682,276.67777777777883
-87.662460592,41.79406603,276.7354166666664
-87.652003026,41.776981658,276.74930555555693
-87.576478539,41.772998982,276.84583333333285
-87.76565911,41.902370457,276.8611111111095
-87.730440547,41.876798457,276.9583333333321
-87.65134044,41.751620403,277.25833333333503
-87.663588413,41.802327417,278.0416666666679
-87.724427063,41.879777172,278.2708333333321
-87.715186861,41.858185418,278.3597222222233
-87.609601246,41.656710566,278.71597222222044
-87.648545055,41.784288355,279.05416666666497
-87.687019789,41.747309515,279.2312500000007
-87.649775405,41.738855559,279.4319444444445
-87.622354657,41.790240779,279.9868055555562
-87.57935151,41.765270737,280.17916666666497
-87.731097472,41.898341487,280.4513888888905
-87.57898707,41.721889135,280.5180555555562
-87.64538045,41.755498249,280.6388888888905
-87.562430839,41.741738607,280.65416666666715
-87.606297172,41.797695285,280.75694444444525
-87.726390989,41.895363905,280.9375
-87.632624089,41.808912847,281.0263888888876
-87.667726491,41.961103272,281.06458333333285
-87.732417138,41.905285836,281.42152777777665
-87.587232499,41.776966216,281.87708333333285
-87.665255481,41.967109706,281.9583333333321
-87.754803319,41.990704822,282.0180555555562
-87.675868666,41.873219626,282.09583333333285
-87.629184056,41.736126864,282.09999999999854
-87.624567581,41.751452878,282.10208333333503
-87.709798858,41.840340541,282.1048611111109
-87.66999976,41.815098073,282.2000000000007
-87.630725166,41.707672235,282.6034722222212
-87.576880272,41.751596128,282.62222222222044
-87.604040483,41.732100549,282.6708333333336
-87.771704675,41.866401123,282.80555555555475
-87.647730364,41.708235996,282.8472222222226
-87.726467148,41.844227884,282.8847222222212
-87.667439919,41.855034296,282.9548611111095
-87.625813624,41.750782715,283.8125
-87.661998055,41.764935407,283.81319444444307
-87.755247773,41.97410464,284.5805555555562
-87.604380182,41.657284072,284.6062500000007
-87.628034361,41.759493061,284.6729166666664
-87.58748848,41.77607324,284.9333333333343
-87.718163239,41.965388407,284.97569444444525
-87.722059303,41.866213478,285.3826388888883
-87.645072205,41.865871212,285.5416666666679
-87.706261206,41.885796343,285.6437499999993
-87.706856419,41.8654647,285.8840277777781
-87.613510263,41.69769984,286.0090277777781
-87.730547286,41.864266012,286.0479166666664
-87.755780468,41.902474874,286.6840277777774
-87.627141885,41.708152482,286.8937499999993
-87.736262425,41.886060526,286.9486111111109
-87.767548586,41.969994726,286.9513888888905
-87.668454519,41.80241057,287.2013888888905
-87.66785807,41.874180626,287.3402777777774
-87.603628907,41.751305337,287.4326388888876
-87.646607552,41.711879243,287.6618055555555
-87.666665715,41.77860174,287.67152777777665
-87.661852377,41.751484728,287.730555555554
-87.74807718,41.871113038,287.9236111111095
-87.700732216,41.780166523,287.9791666666679
-87.658479822,41.746330371,288.0548611111117
-87.694400341,41.861359279,288.1124999999993
-87.601726053,41.810729022,288.46250000000146
-87.731469321,41.877904298,288.5270833333343
-87.73405634,41.879660425,288.7423611111117
-87.729049063,41.875221433,288.8229166666679
-87.639428446,41.893117779,288.96597222222044
-87.721075624,41.854259739,289.12569444444307
-87.761801717,41.910235519,290.0
-87.598612869,41.730326079,290.0
-87.645990095,41.778732374,290.36388888888905
-87.729107748,41.880685543,290.5416666666679
-87.613551466,41.699258876,290.9722222222226
-87.696017032,41.87082496,291.65694444444307
-87.573023988,41.766271869,292.0
-87.63905866,41.664592914,292.0722222222212
-87.634620789,41.813181381,292.70277777777665
-87.641777315,41.75758973,292.71180555555475
-87.720686463,41.876571205,292.9506944444438
-87.662091972,41.856770466,293.0763888888905
-87.728650828,41.859815834,293.0972222222226
-87.574305734,41.729042916,293.7590277777781
-87.698412648,41.828705582,293.8347222222219
-87.693343063,41.904783821,293.8541666666679
-87.537204435,41.702742818,293.8541666666679
-87.70333674,41.869844485,293.8576388888905
-87.573237622,41.734809881,293.875
-87.624042508,41.827386758,293.9076388888898
-87.617663323,41.845382483,293.91458333333503
-87.555551889,41.754291328,293.9173611111109
-87.583803829,41.767901461,293.9486111111109
-87.694439635,41.872899082,293.949305555554
-87.633682698,41.876419884,293.9583333333321
-87.626270055,41.750933717,293.9847222222233
-87.609770572,41.821128625,294.0409722222212
-87.668331481,41.87632937,294.0451388888905
-87.693695901,41.779112173,294.0479166666664
-87.681647602,41.885538556,294.0902777777774
-87.632880321,41.790102362,294.28125
-87.550797942,41.748303921,294.55555555555475
-87.624397882,41.692569761,294.60069444444525
-87.736124908,41.878743645,294.7944444444438
-87.702965656,41.7714931,294.9166666666679
-87.642478625,41.756103793,294.96041666666497
-87.653876583,41.80266556,294.9833333333336
-87.764452872,41.950506494,295.0347222222226
-87.712298315,41.885453188,295.0486111111095
-87.706403108,41.84948241,295.1041666666679
-87.621140619,41.806495867,295.1784722222219
-87.751693893,41.888502517,295.5416666666679
-87.582809521,41.767036006,295.71041666666497
-87.617266105,41.777612893,295.7708333333321
-87.600145655,41.743085927,295.7999999999993
-87.686413662,41.815669191,295.81041666666715
-87.599712752,41.774346209,295.88194444444525
-87.728742875,41.844195978,296.0340277777796
-87.566067296,41.74037433,296.4500000000007
-87.603963319,41.657256728,296.5423611111109
-87.734331783,41.879656374,296.83680555555475
-87.68493374,41.781988471,296.8562500000007
-87.669911205,41.81159312,297.03819444444525
-87.682395302,41.762893018,297.4465277777781
-87.694704972,41.84623736,297.7236111111124
-87.574154728,41.74435515,298.04652777777665
-87.632842923,41.900860447,298.9194444444438
-87.616857268,41.816634024,299.63333333333503
-87.67146371,41.778003783,299.68680555555693
-87.613124669,41.77617644,299.7000000000007
-87.578226435,41.741486741,299.7972222222233
-87.551484539,41.740341888,300.0423611111109
-87.576292427,41.765755571,300.625
-87.645382738,41.755627244,300.8138888888898
-87.756614969,41.88893074,300.855555555554
-87.568831746,41.717365252,300.94444444444525
-87.689102178,41.800335538,300.9479166666679
-87.620122066,41.682562165,300.9958333333343
-87.756639382,41.937234883,301.0625
-87.646266397,41.837650931,301.09375
-87.717293675,41.96290298,301.2291666666679
-87.65380275,41.865500587,301.7138888888876
-87.621591809,41.761072467,301.72499999999854
-87.660981712,41.962658354,301.8201388888883
-87.54578418,41.735162876,301.84583333333285
-87.652337285,41.856219074,301.84999999999854
-87.631615374,41.683393096,302.0361111111124
-87.797235488,41.946259774,302.0833333333321
-87.703573176,41.794079224,302.0861111111117
-87.575249351,41.717956632,302.0986111111124
-87.685237514,41.868989104,302.10069444444525
-87.667906709,41.875155116,302.5673611111124
-87.775282275,41.909665161,302.761805555554
-87.622585601,41.823763551,302.8347222222219
-87.560002157,41.756338427,302.8527777777781
-87.708838097,41.849322787,302.9249999999993
-87.611877453,41.773951227,302.97083333333285
-87.633128349,41.827275105,303.5583333333343
-87.57612321,41.722457581,303.5895833333343
-87.645240266,41.765190278,303.6111111111095
-87.656603329,41.680365008,303.769444444446
-87.61493464,41.816665923,303.863194444446
-87.755832323,41.87755464,304.07777777777665
-87.730047459,41.865495558,304.4958333333343
-87.753543342,41.880141912,304.5659722222226
-87.708019528,42.011880663,304.80555555555475
-87.634418689,41.755481487,304.8715277777774
-87.604958508,41.792195498,304.88124999999854
-87.668315945,41.751231425,304.8923611111095
-87.756235635,41.926574282,305.1416666666664
-87.728247791,41.88503888,305.8270833333336
-87.660444506,41.729431442,305.9895833333321
-87.68593295,41.844816119,306.27916666666715
-87.720469623,41.895420271,306.78055555555693
-87.760474828,41.880302933,307.05555555555475
-87.713543086,41.918517,307.69444444444525
-87.631371757,41.721622827,307.81458333333285
-87.723881787,41.863734124,308.0034722222226
-87.625808585,41.750574116,308.04652777777665
-87.721724835,41.962844346,308.10902777777665
-87.766348138,41.902132368,308.1875
-87.5641923,41.7590148,308.21875
-87.567832455,41.708049874,308.72708333333503
-87.683272019,41.765730101,308.83263888888905
-87.73371691,41.903786044,308.8888888888905
-87.758326998,41.90524287,308.980555555554
-87.73157858,41.800442404,309.0111111111109
-87.728214211,41.883927283,309.4715277777796
-87.67083408,41.75475045,309.5833333333321
-87.618231918,41.81210905,309.68680555555693
-87.627981404,41.765332603,310.02013888888905
-87.660110993,41.861553084,310.3541666666679
-87.627127283,41.7726903,310.44583333333503
-87.632887272,41.724412068,310.5583333333343
-87.756399463,41.930823169,310.7006944444438
-87.726582047,41.88681934,310.8229166666679
-87.702269599,41.791264662,311.1145833333321
-87.552260278,41.750103154,311.324305555554
-87.555531895,41.753215429,311.3472222222226
-87.747899972,41.877657178,311.5361111111124
-87.731676577,41.908256711,311.5993055555555
-87.647150367,41.932755165,311.6305555555555
-87.693074325,41.820942588,311.6861111111102
-87.640962925,41.782544194,311.7173611111102
-87.645227698,41.779743198,311.8020833333321
-87.632316469,41.723003497,311.8347222222219
-87.644438376,41.766137744,312.7708333333321
-87.616534181,41.675989111,312.7916666666679
-87.627985817,41.695942666,312.9097222222226
-87.671181992,42.019371503,312.9243055555562
-87.614131833,41.721439376,312.9791666666679
-87.670980997,41.853718318,312.9895833333321
-87.621750962,41.830553189,313.5263888888876
-87.72733458,41.917155381,313.6104166666664
-87.629005008,41.702538049,313.7840277777796
-87.653103244,41.854255981,313.8624999999993
-87.647146658,41.765160516,313.91249999999854
-87.619599377,41.744728764,314.5159722222233
-87.615424963,41.807579953,314.77013888888905
-87.625537943,41.707138191,314.82777777777665
-87.615273366,41.766285735,314.90625
-87.640243448,41.759806115,315.0388888888883
-87.602734301,41.750372078,315.0722222222212
-87.675763662,41.849069583,315.0902777777774
-87.758025754,41.872908652,315.7291666666679
-87.724977343,41.859697641,315.769444444446
-87.658891391,41.750421805,315.8736111111102
-87.760150874,41.881215152,315.8805555555555
-87.708771074,41.847157199,315.9152777777781
-87.707410014,41.842201881,315.9249999999993
-87.709164449,41.899168384,315.9340277777774
-87.585987405,41.756946737,316.0763888888905
-87.723217773,41.840124457,316.1666666666679
-87.560576484,41.7335097,316.3916666666664
-87.590399203,41.775137088,316.613194444446
-87.620180643,41.768025997,316.7222222222226
-87.686565791,41.796899162,316.84375
-87.570556381,41.725464205,317.5159722222233
-87.73427337,41.901631977,317.69444444444525
-87.649516311,41.687268976,317.8083333333343
-87.705004143,41.86641507,317.8298611111095
-87.725112322,41.80785085,317.8402777777774
-87.69113171,41.813785648,317.86805555555475
-87.60451692,41.72398315,317.9909722222219
-87.628817374,41.682821622,318.03125
-87.72449773,41.917192515,319.0208333333321
-87.663731403,41.762862598,319.5104166666679
-87.719974206,41.856205031,319.6111111111095
-87.765487839,41.880237269,320.6604166666657
-87.727289786,41.808767972,320.6861111111102
-87.692404416,41.990480416,320.7444444444445
-87.758414854,41.90855286,321.49305555555475
-87.700823312,41.867824621,321.6041666666679
-87.680758837,41.852693053,321.6743055555562
-87.690981615,41.768210402,321.9763888888883
-87.61242199,41.702684949,322.0833333333321
-87.674678252,41.852191819,322.0965277777796
-87.687888876,41.800636087,322.1458333333321
-87.688157355,41.823955731,322.4513888888905
-87.657010335,41.877446026,322.63333333333503
-87.613155452,41.778012563,322.7576388888883
-87.681207792,41.932736857,322.9826388888905
-87.651355909,41.798954075,323.6013888888883
-87.744696263,41.93703432,323.6902777777796
-87.589985594,41.76237894,323.71875
-87.693278365,41.774644879,323.8298611111095
-87.562717776,41.758189864,323.8361111111117
-87.623435884,41.704136655,324.98888888888905
-87.564821425,41.762194159,325.0
-87.724826434,41.894189322,325.3854166666679
-87.624485177,41.721627204,325.6909722222226
-87.596812985,41.808614721,325.8305555555562
-87.770484619,41.88411205,325.8791666666657
-87.624397882,41.692569761,325.9430555555555
-87.727638664,41.912585094,325.9548611111095
-87.592047941,41.733181906,326.0902777777774
-87.748171713,41.892546106,326.4583333333321
-87.633134667,41.826358557,326.6375000000007
-87.647059222,41.773708477,326.6673611111109
-87.71242612,41.854797832,326.6979166666679
-87.721992182,41.879808145,326.8875000000007
-87.730806137,41.871495737,326.91319444444525
-87.686355549,41.878265483,326.9173611111109
-87.736566559,41.877845827,326.96805555555693
-87.630744338,41.819140252,327.5222222222219
-87.653158716,41.729693165,327.69444444444525
-87.699966594,41.866466983,327.8854166666679
-87.735078634,41.908628492,328.4965277777774
-87.717007599,41.875003763,328.5902777777774
-87.564605177,41.714880892,328.5951388888898
-87.712678392,41.89626756,328.61527777777883
-87.72115561,41.89435642,328.63333333333503
-87.766342184,41.923976451,329.0486111111095
-87.662829556,41.727658834,329.0486111111095
-87.635309866,41.881770084,329.09305555555693
-87.613293075,41.689923794,329.4479166666679
-87.615523051,41.776111866,329.5027777777796
-87.687766603,41.781024712,329.7034722222233
-87.650738955,41.687284477,329.74305555555475
-87.690803401,41.773212262,329.761805555554
-87.776769865,41.919002781,329.84999999999854
-87.619102107,41.726443077,329.9284722222219
-87.681431269,41.849368085,329.9597222222219
-87.623527134,41.846801978,330.0972222222226
-87.618209624,41.690300278,330.1437499999993
-87.736506226,41.87604254,330.3791666666657
-87.749092303,41.88865671,330.80416666666497
-87.561272312,41.764728045,330.855555555554
-87.675320103,41.894122136,330.9333333333343
-87.639027598,41.849059202,330.97708333333503
-87.644435915,41.766025213,332.675694444446
-87.628693153,41.722712392,332.74791666666715
-87.669954816,41.813410084,332.7638888888905
-87.67150491,41.903279683,332.9583333333321
-87.716507682,41.889951737,332.99722222222044
-87.68639517,41.779219485,333.4479166666679
-87.680524485,41.802076386,334.6041666666679
-87.770729386,41.882164833,335.0208333333321
-87.758324311,41.879334442,335.0520833333321
-87.717748545,41.901860168,335.3715277777774
-87.64341073,41.759756571,335.4729166666657
-87.728715092,41.861956693,336.0715277777781
-87.609607175,41.751208679,336.5138888888905
-87.672960458,41.789349064,336.6840277777774
-87.581737543,41.75335417,336.8493055555555
-87.643202686,41.721005667,336.96875
-87.615991793,41.675387461,337.0034722222226
-87.75246162,41.898618941,337.0263888888876
-87.709840248,41.786146733,337.11805555555475
-87.690582106,41.809685365,337.6701388888905
-87.722905665,41.783736059,338.5576388888876
-87.603944799,41.800745733,338.7916666666679
-87.724436478,41.84008976,338.9118055555555
-87.604590279,41.747634073,338.9236111111095
-87.601687415,41.808966952,338.9833333333336
-87.642987258,41.713753878,339.08680555555475
-87.603890805,41.748565442,339.23888888888905
-87.735464519,41.880257779,339.6930555555555
-87.738906468,41.874186154,339.7611111111109
-87.763220885,41.881205735,339.8395833333343
-87.651075074,41.705020341,340.4513888888905
-87.694412872,41.815091011,340.6277777777796
-87.625152774,41.664464163,340.72569444444525
-87.643842305,41.807070713,340.86805555555475
-87.603888197,41.748472119,340.8805555555555
-87.663144276,41.768561829,341.06319444444307
-87.649342221,41.768274665,341.13194444444525
-87.568179574,41.711205408,341.2993055555562
-87.656963854,41.735050573,341.6875
-87.552764692,41.735084271,341.7291666666679
-87.676386182,41.975324221,341.8111111111102
-87.682948831,41.96140182,342.2291666666679
-87.722118889,41.880769306,342.69583333333503
-87.649270574,41.797783589,342.8215277777781
-87.656722351,41.748633486,342.96875
-87.771976968,41.86549136,342.9944444444445
-87.710998012,41.971307461,343.0923611111102
-87.649290444,41.706859408,343.45902777777883
-87.69040363,41.846962546,343.8826388888883
-87.669061664,41.90332046,344.0493055555562
-87.704523804,41.822125501,344.1909722222226
-87.737820907,41.8776081,344.3333333333321
-87.71004518,41.8489918,344.53749999999854
-87.605106157,41.654884626,344.7916666666679
-87.706362984,41.79530197,344.8541666666679
-87.6973839,41.791018177,344.90694444444307
-87.604927976,41.765411043,345.0361111111124
-87.65413879,41.80874569,345.65625
-87.662357276,41.795884888,345.70763888888905
-87.627799195,41.820409263,346.05277777777883
-87.700080449,41.961239638,346.1076388888905
-87.638419281,41.905573245,346.2680555555562
-87.637633685,41.742169163,346.2916666666679
-87.707732924,41.894171566,346.5499999999993
-87.610286968,41.759862994,346.72083333333285
-87.627354261,41.703469224,346.7847222222226
-87.738400617,41.959938037,347.06874999999854
-87.737352527,41.884545875,347.3937499999993
-87.748974102,41.889537011,347.4416666666657
-87.741223607,41.884500038,347.59999999999854
-87.595483806,41.751165501,347.86388888888905
-87.669231098,41.960670168,347.90000000000146
-87.737885128,41.879392195,348.0090277777781
-87.713906987,41.896460802,348.5298611111102
-87.713618044,41.86631094,348.581944444446
-87.66881262,41.752109732,349.65347222222044
-87.609843862,41.8149435,349.7486111111102
-87.646988741,41.89639867,350.0041666666657
-87.619888511,41.772887073,350.1145833333321
-87.687240771,41.88115467,350.7673611111095
-87.633114168,41.87939118,350.9826388888905
-87.63091491,41.852868298,351.08680555555475
-87.549562889,41.654832149,351.65416666666715
-87.551050773,41.75011688,351.7291666666679
-87.704205954,41.846344681,351.8173611111124
-87.775096032,41.945786539,351.8541666666679
-87.662939519,41.731528962,351.86666666666497
-87.625813624,41.750782715,352.5451388888905
-87.570315963,41.740517884,352.6701388888905
-87.604776254,41.657857407,352.7298611111109
-87.711224399,41.862897867,353.34097222222044
-87.729824952,41.858315411,353.3916666666664
-87.629815348,41.72662443,353.5812499999993
-87.671530122,41.812184245,353.9895833333321
-87.673547448,41.765356327,354.05277777777883
-87.637684017,41.740561303,354.5902777777774
-87.604556978,41.725300675,355.2055555555562
-87.642415664,41.69359336,356.0
-87.56137777,41.751342079,357.74166666666497
-87.645270878,41.787021313,357.793055555554
-87.634481048,41.720667546,357.94583333333503
-87.64589,41.685032663,357.9944444444445
-87.527258234,41.651431329,358.00069444444307
-87.636663136,41.757377709,358.9013888888876
-87.589568929,41.758150026,359.1159722222219
-87.709858357,41.881828539,359.11805555555475
-87.701829593,41.795370444,359.18125000000146
-87.603761388,41.803335167,359.5625
-87.683673325,41.903077492,359.89027777777665
-87.637924009,41.763480438,359.9236111111095
-87.719939597,41.894385607,360.4270833333321
-87.668213142,41.793122514,360.6652777777781
-87.615523266,41.776092657,360.7770833333343
-87.628599491,41.675613656,360.8027777777788
-87.61772761,41.799742941,360.824305555554
-87.649720276,41.782728365,360.875
-87.740510924,41.970261692,360.9583333333321
-87.728567187,41.895951677,360.9854166666664
-87.647265795,41.735045219,361.8131944444431
-87.578458689,41.752940239,361.8250000000007
-87.753008553,41.880399914,361.9090277777796
-87.667154546,41.753326835,361.9527777777767
-87.742717359,41.877419334,361.9548611111095
-87.624501296,41.765470353,362.09375
-87.624152861,41.735857166,362.5680555555555
-87.658149235,41.692166514,362.5944444444431
-87.618974395,41.784895894,362.63611111111095
-87.645565408,41.762889759,362.6951388888883
-87.622009034,41.7126517,362.7097222222219
-87.699986249,41.881955638,362.73472222222335
-87.561127448,41.764581624,362.8541666666679
-87.662826492,41.727601186,363.03958333333503
-87.645783303,41.752435273,363.0555555555548
-87.577551862,41.764323109,363.1381944444438
-87.545819513,41.736469407,363.4986111111102
-87.722959908,41.809711034,363.65625
-87.74295043,41.88401222,363.9763888888883
-87.675923778,41.909391776,364.0861111111117
-87.75199552,41.897765868,364.21875
-87.631825316,41.664735608,364.4993055555569
-87.619816632,41.707220815,364.5701388888883
